# Doors, ladders, stairs, cave entrances, shortcuts, boats, portals and levers, from the Shortest Path
# RuneLite plugin (github.com/Skretzo/shortest-path), BSD 2-Clause.
# "@ name" lines are the names, numbered from 0. Other lines: from x y plane, to x y plane, ticks,
# goes somewhere far or into another area (1/0), name number.
@ Open Door
@ Open Gate
@ Climb-up Staircase
@ Climb-down Staircase
@ Climb-down Ladder
@ Climb-up Ladder
@ Climb-down Trapdoor
@ Open Large door
@ Squeeze-through Hole
@ Climb-down Dark hole
@ Climb Climbing rope
@ Enter Tunnel
@ Climb Rocks
@ Climb-over Stile
@ Walk-Down Stairs
@ Walk-Up Stairs
@ Search Bookcase
@ Pull Lever
@ Leave Old passageway
@ Climb Stairs
@ Walk-down Stairs
@ Exit Opening
@ Pass-Through Barrier
@ Enter Cave entrance
@ Pick-lock Door
@ Open Magic guild door
@ Climb-up Stairs
@ Cross Gangplank
@ Open Ardougne Wall Door
@ Squeeze-through Fence
@ Walk-up Stairs
@ Walk-down Spooky stairs
@ Walk-up Spooky stairs
@ Cross Bridge
@ Climb-down Well
@ Ascend Cave
@ Descend Cave
@ Push Wall
@ Open trapdoor
@ Climb Cellar stairs
@ Push Odd looking wall
@ Climb-down Manhole
@ Climb-down Entrance
@ Climb-up Dripping vine
@ Climb-up Goo covered vine
@ Climb-down Dripping vine
@ Climb-up Boney ladder
@ Climb-up Bone Chain
@ Open Prison door
@ Go-through Shantay pass
@ Enter Doorway
@ Climb-down Stairs
@ Climb-up Ship's ladder
@ Climb-down Ship's ladder
@ Crawl Cave
@ Turn Iron Winch
@ Exit Portcullis
@ Climb Steps
@ Walk-up Staircase
@ Walk-down Staircase
@ Enter Manhole
@ Cross Broken bridge
@ Jump-across Basalt rock
@ Jump-to Beach
@ Jump-to Rocky shore
@ Top-floor Staircase
@ Bottom-floor Staircase
@ Climb Iron ladder
@ Open Strange wall
@ Swim River
@ Board Log raft
@ Get in Barrel
@ Climb Dead Tree
@ Climb Staircase
@ Enter Broken Grandiose Doors
@ Pass Barrier
@ Climb-up Exit
@ Climb Down Trap Door
@ Jump on Rubber cap mushroom
@ Descend Stairs
@ Climb Up Ladder
@ Climb Down Ladder
@ Cross Stepping stone
@ Climb-down Rocks
@ Enter Cave exit
@ Swing-on Ropeswing
@ Squeeze-through Loose Railing
@ Follow Elkoy
@ Open Tree Door
@ Open Trapdoor
@ Push Roots
@ Enter Cave
@ Use Tunnel
@ Exit Tunnel
@ Enter Rift
@ Climb-up Rope
@ Climb-up Tree
@ Climb-down Tree
@ Enter Crypt Entrance
@ Enter Door
@ Climb-up Stairs up
@ Climb-down Stairs down
@ Climb-over Wall rubble
@ Climb-down Floor
@ Climb-up Floor
@ Open Barricade
@ Climb-up Wall
@ Climb-down Wall
@ Climb-down Rock
@ Climb-up Rock
@ Jump-onto Rock
@ Jump-to Floorboards
@ Walk-across Floor
@ Crawl-under Wall
@ Climb-into Trapdoor tunnel
@ Climb-into Tunnel
@ Climb-up Shelf
@ Climb-down Shelf
@ Walk-across Washing line
@ Walk-through Slashed tapestry
@ Enter Cracked wall
@ Enter Mausoleum Door
@ Search Wall
@ Open Wooden doors
@ Climb Wall
@ Pay-toll(2-Ecto) Energy Barrier
@ Jump-To Rock
@ Push Memorial
@ Open Guild Door
@ Open Exit door
@ Open Red door
@ Open Heavy door
@ Enter Passageway
@ Enter Trapdoor
@ Enter Cave Entrance
@ Exit Cave Exit
@ Slash Web
@ Use Crevice
@ Enter Cavern
@ Cross Wilderness Ditch
@ Jump-down Crevice
@ Jump-to Pillar
@ Climb Rope
@ Climb-down Crevice
@ Climb Climbing rocks
@ Climb-through Hole
@ Enter Rock
@ Climb-over Rubble
@ Open Pyramid entrance
@ Open Doorway
@ Climb-down Tunnel entrance
@ Enter Blocked tunnel
@ Open Bone door
@ Climb-down Ladder top
@ Use Rope -> Root
@ Leave Cave exit
@ Climb-down Smokey well
@ Climb-up Bamboo Ladder
@ Climb-down Bamboo Ladder
@ Exit Cave
@ Transport Brother Tranquility
@ Climb-down Statue
@ Climb Ladder
@ Cross-bridge Tree
@ Jump-over Low fence
@ Climb-over Broken fence
@ Climb-over Mine cart
@ Crawl-down Cart tunnel
@ Crawl-through Cart tunnel
@ Go-down Lift
@ Go-up Lift
@ Enter Entrance
@ Jump-to Ledge
@ Jump Bridge
@ Enter Grotto
@ Exit Grotto
@ Pass-through Holy barrier
@ Open Cell door
@ Climb-down Secret entrance
@ Climb Sand pile
@ Pass-through Magic barrier
@ Climb-over Pile of rubble
@ Climb-over Pile of bones
@ Climb-down Stone Ladder
@ Climb-up Stone Ladder
@ Use Rope -> Boulder
@ Climb-over Rockslide
@ Exit Steps
@ Squeeze-through Crevice
@ Use-Lift Platform
@ Use-Lift Lift Platform
@ Use Plank -> Rocks
@ Climb-down Hole
@ Open Throne Room Door
@ Climb-over Ice chunks
@ Climb-up Ice chunks
@ Climb-down Ice chunks
@ Open Cave
@ Climb-up Stone ladder
@ Walk-across Rope bridge
@ Exit Cave opening
@ Cross-bridge Rope bridge
@ Use A crack
@ Use Chasm
@ Climb Rockslide
@ Climb Roped tree
@ Cross Ledge
@ Pass Fallen Tree
@ Cross Little boulder
@ Descend Hole
@ Enter Smelly hole
@ Squeeze-through Broken fence
@ Ascend Steps
@ Descend Steps
@ Climb Rocky handholds
@ Go-through Cave entrance
@ Go-through Entrance
@ Open Arena Entrance
@ Open Arena Exit
@ Open Secret Door
@ Open Exit
@ Climb-up Stone Staircase
@ Climb-down Stone Staircase
@ Unlock Prison Door
@ Climb-up Troll ladder
@ Climb-down Troll ladder
@ Enter Stronghold
@ Leave Exit
@ Use Exit
@ Open Storeroom Door
@ Go-through Ice gate
@ Move Boulder
@ Crawl-through Little crack
@ Open Guild door
@ Climb-up Tower ladder
@ Climb-down Tower ladder
@ Climb-over Mud pile
@ Cross A wooden log
@ Climb over Broken cart
@ Board Travel cart
@ Open Wall
@ Enter Hole
@ Use Fairy ring
@ Enter Colosseum entrance
@ Exit Stairs
@ Enter Huge Gate
@ Pass Tree
@ Climb-over Crumbling wall
@ Travel Mountain Guide
@ Pass-through Cave
@ Follow Mountain Guide
@ Travel Primio
@ Enter Dungeon entrance
@ Leave exit
@ Chop-down Vines
@ Pray-at Altar
@ Open Temple Door
@ Enter Strange passage
@ Climb-up Vine
@ Climb-up Vine ladder
@ Investigate Statue
@ Climb-over Crushed barricade
@ Chop-down Jungle Bush
@ Chop-down Jungle tree
@ Jump-into Whirlpool
@ Ride Aged log
@ Climb-down Rope
@ Enter Crevasse
@ Slide Slope
@ Travel Daero
@ Travel Waydar
@ Operate Teleportation Device
@ 
@ Search Well stacked rocks
@ Mine Rock slide
@ Climb Handholds
@ Enter Ice Cavern
@ Teleport Mage of Zamorak
@ Enter Passage
@ Go-through Passage
@ Operate Appendage
@ Exit-through Chaos rift
@ Use Portal
@ Exit-through Law rift
@ Enter Portal
@ Exit-through Death rift
@ Exit-through Water rift
@ Exit-through Soul rift
@ Exit-through Air rift
@ Exit-through Mind rift
@ Exit-through Body rift
@ Exit-through Earth rift
@ Exit-through Fire rift
@ Exit-through Blood rift
@ Exit-through Cosmic rift
@ Exit-through Nature rift
@ Talk-to Dondakan the Dwarf
@ Jump Gap
@ Enter Door of Dinh
@ Climb Rubble
@ Quick-pass Barrier
@ Jump-over Strange floor
@ Mines Kazgar
@ Watermill Kazgar
@ Cellar Mistag
@ Watermill Mistag
@ Mines Dartog
@ Cellar Dartog
@ Open Odd-looking wall
@ Enter Centre of crop circle
@ Open Colony gate
@ Pass-through Entrance
@ Climb Vine ladder
@ Pass Magical Barrier
@ Enter Mythic Statue
@ Enter City Gate
@ Exit City Gate
@ Climb Trellis
@ Pass-through Entryway
@ Step-over Tripwire
@ Pass Sticks
@ Jump Leaves
@ Walk-across Log balance
@ Climb-over Obstacle net
@ Climb Tree branch
@ Walk-on Balancing rope
@ Climb-down Tree branch
@ Squeeze-through Obstacle pipe
@ Climb Rough wall
@ Cross Tightrope
@ Balance Narrow wall
@ Jump-up Wall
@ Jump-up Gap
@ Climb-down Crate
@ Jump-across Stepping stone
@ Squeeze-through Pipe
@ Jump-from Stepping stone
@ Walk-across Log Balance
@ Climb Rock
@ Jump Wall
@ Climb-up Climbing rocks
@ Grapple Broken Raft
@ Grapple Wall
@ Jump-over Fence
@ Manoeuvre-past Tight-gap
@ Swing across Monkeybars
@ Climb-under Castle wall
@ Climb-into Hole
@ Squeeze-through Crack
@ Climb-through Broken window
@ Climb-up Trellis
@ Enter Crevice
@ Swing-across Cable
@ Teeth-grip Zip line
@ Swing-across Tropical tree
@ Climb Roof top beams
@ Climb-into Underwall tunnel
@ Grapple Rocks
@ open Door
@ Climb-over Broken wall
@ Jump-to Stone
@ Cross Stepping stones
@ Cross Clothes line
@ Leap Gap
@ Balance Wall
@ Hurdle Ledge
@ Jump-off Edge
@ Jump-onto Stepping stone
@ Grapple Crossbow Tree
@ Walk-across Balancing ledge
@ Climb Tall tree
@ Vault Pole-vault
@ Cross Log balance
@ Squeeze-past Jutting wall
@ Jump Boulder
@ Jump-over Jagged wall
@ Cross Hand holds
@ Jump Ledge
@ Jump Edge
@ Grapple Strong Tree
@ Enter Dense forest
@ Jump Broken Fence
@ Jump-down Weathered wall
@ Jump-up Weathered wall
@ Jump-to Stepping stone
@ Climb-up Spikey chain
@ Climb-down Spikey chain
@ Climb Up Rope anchor
@ Climb Down Rope anchor
@ Squeeze-through Ornate railing
@ Climb-down Pile of rubble
@ Climb-up Pile of rubble
@ Jump-over Rocks
@ Jump-over Inconspicuous rocks (master)
@ Climb Broken wall
@ Enter Big window
@ Jump-up Rocks
@ Jump-down Rocks
@ Climb through Hole
@ Climb Vine
@ Climb-up Ivy
@ Travel Holgart
@ Talk-to Pirate Pete
@ Travel Ghost captain
@ Board Swamp Boaty
@ Quick-board Swamp Boaty
@ Waterbirth Island Jarvald
@ Rellekka Jarvald
@ Jatizso Mord Gunnars
@ Rellekka Mord Gunnars
@ Neitiznot Maria Gunnars
@ Rellekka Maria Gunnars
@ Pirate's Cove Lokar Searunner
@ Rellekka Lokar Searunner
@ Iceberg Boat
@ Travel Boat
@ Weiss Boat
@ Travel Fremennik Boat
@ Travel Rowboat
@ Travel Sandicrahb
@ Travel Lumdo
@ Board Ferry
@ Boat to Molch Island
@ Boat to Molch
@ Boat to Shayzien
@ Boat to Battlefront
@ Boat to Meiyerditch.
@ Boat to Icyene Graveyard.
@ Boat to Slepe.
@ Boat to Burgh de Rott.
@ Travel Row boat
@ Boat to Tal Teklan
@ Boat to Gloomthorn
@ Boat to Kastori
@ Travel Dwarven Boatman
@ Travel Dwarven Ferryman
@ Boat to Piscatoris
@ Boat to Gnome Stronghold
@ Boat to Musa Point
@ Boat to Port Sarim
@ Boat to Pandemonium
@ Boat to Brimhaven
@ Boat to Rimmington
@ Boat to Ardougne
@ Travel Cabin Boy Colin
@ Quick-Travel Barge guard
@ Boat to Port Khazard
@ Travel Bill Teach
@ Miscellania Sailor
@ Rellekka Sailor
@ Travel Captain Bentley
@ Boat to Port Piscarilius
@ Boat to Land's End
@ Take-boat Monk of Entrana
@ Travel Squire
@ Boat to Aldarin
@ Boat to Sunset Coast
@ Enter Castle Wars portal
@ Enter Saradomin Portal
@ Enter Guthix Portal
@ Enter Zamorak Portal
@ Exit Portal
@ Enter Free-for-all portal
@ Enter Magic Portal
@ Enter Soul Wars Portal
@ Enter Interdimensional rift
@ Use Clan Cup portal
@ Enter Portal of Heroes
@ Enter Portal of Champions
@ Enter Portal of Legends
3097 3107 0 3098 3107 0 1 0 0
3098 3107 0 3097 3107 0 1 0 0
3090 3092 0 3089 3092 0 1 0 1
3089 3092 0 3090 3092 0 1 0 1
3090 3091 0 3089 3091 0 1 0 1
3089 3091 0 3090 3091 0 1 0 1
3079 3084 0 3078 3084 0 1 0 0
3078 3084 0 3079 3084 0 1 0 0
3073 3090 0 3072 3090 0 1 0 0
3072 3090 0 3073 3090 0 1 0 0
3086 3126 0 3086 3125 0 1 0 0
3086 3125 0 3086 3126 0 1 0 0
3084 3125 0 3084 3124 1 1 0 2
3084 3124 1 3083 3123 0 1 0 3
3084 3124 0 3084 3124 1 1 0 2
3083 3123 0 3084 3124 1 1 0 2
3088 3120 0 3088 9520 0 2 1 4
3088 9520 0 3088 3120 0 2 1 5
3094 9503 0 3095 9503 0 1 0 1
3095 9503 0 3094 9503 0 1 0 1
3094 9502 0 3095 9502 0 1 0 1
3095 9502 0 3094 9502 0 1 0 1
3111 9519 0 3110 9519 0 1 0 1
3110 9519 0 3111 9519 0 1 0 1
3111 9518 0 3110 9518 0 1 0 1
3110 9518 0 3111 9518 0 1 0 1
3111 9525 0 3111 3125 0 2 1 5
3111 3125 0 3111 9525 0 2 1 4
3112 9526 0 3112 3126 0 2 1 5
3112 3126 0 3112 9526 0 2 1 4
3111 9527 0 3111 3127 0 2 1 5
3111 3127 0 3111 9527 0 2 1 4
3110 9526 0 3110 3126 0 2 1 5
3110 3126 0 3110 9526 0 2 1 4
3116 3125 0 3116 3125 1 2 0 5
3116 3125 1 3116 3125 0 2 0 4
3117 3126 0 3117 3126 1 2 0 5
3117 3126 1 3117 3126 0 2 0 4
3116 3127 0 3116 3127 1 2 0 5
3116 3127 1 3116 3127 0 2 0 4
3115 3126 0 3115 3126 1 2 0 5
3115 3126 1 3115 3126 0 2 0 4
3123 3127 0 3123 3127 1 2 0 5
3123 3127 1 3123 3127 0 2 0 4
3124 3128 0 3124 3128 1 2 0 5
3124 3128 1 3124 3128 0 2 0 4
3123 3129 0 3123 3129 1 2 0 5
3123 3129 1 3123 3129 0 2 0 4
3122 3128 0 3122 3128 1 2 0 5
3122 3128 1 3122 3128 0 2 0 4
3124 3124 0 3125 3124 0 1 0 0
3125 3124 0 3124 3124 0 1 0 0
3129 3124 0 3130 3124 0 1 0 0
3130 3124 0 3129 3124 0 1 0 0
3117 3107 0 3117 3107 1 1 0 2
3117 3107 1 3116 3106 0 1 0 3
3116 3106 0 3117 3107 1 1 0 2
3122 3103 0 3122 3102 0 1 0 0
3122 3102 0 3122 3103 0 1 0 0
3139 3079 0 3139 3079 1 2 0 5
3139 3079 1 3139 3079 0 2 0 4
3140 3078 0 3140 3078 1 2 0 5
3140 3078 1 3140 3078 0 2 0 4
3139 3077 0 3139 3077 1 2 0 5
3139 3077 1 3139 3077 0 2 0 4
3138 3078 0 3138 3078 1 2 0 5
3138 3078 1 3138 3078 0 2 0 4
3205 3228 0 3206 3229 1 1 0 2
3206 3229 1 3205 3228 0 1 0 3
3206 3229 0 3206 3229 1 1 0 2
3205 3228 1 3205 3228 0 1 0 3
3206 3229 1 3206 3229 2 1 0 2
3206 3229 2 3205 3228 1 1 0 3
3205 3228 1 3206 3229 2 1 0 2
3205 3209 1 3206 3208 0 1 0 3
3206 3208 0 3205 3209 1 1 0 2
3206 3208 1 3206 3208 0 1 0 3
3205 3209 0 3205 3209 1 1 0 2
3205 3209 1 3205 3209 2 1 0 2
3205 3209 2 3206 3208 1 1 0 3
3206 3208 1 3205 3209 2 1 0 2
3210 3216 0 3210 9616 0 2 1 6
3210 9616 0 3210 3216 0 2 1 5
3209 9617 0 3209 3217 0 2 1 5
3209 9615 0 3209 3215 0 2 1 5
3208 9616 0 3208 3216 0 2 1 5
3213 3221 0 3212 3221 0 1 0 7
3212 3221 0 3213 3221 0 1 0 7
3213 3222 0 3212 3222 0 1 0 7
3212 3222 0 3213 3222 0 1 0 7
3207 3218 0 3207 3217 0 1 0 0
3207 3217 0 3207 3218 0 1 0 0
3228 3213 0 3228 3213 1 2 0 5
3228 3213 1 3228 3213 0 2 0 4
3229 3214 0 3229 3214 1 2 0 5
3229 3214 1 3229 3214 0 2 0 4
3230 3213 0 3230 3213 1 2 0 5
3230 3213 1 3230 3213 0 2 0 4
3229 3212 0 3229 3212 1 2 0 5
3229 3212 1 3229 3212 0 2 0 4
3229 3212 1 3229 3212 2 2 0 5
3228 3213 2 3228 3213 1 2 0 4
3228 3213 1 3228 3213 2 2 0 5
3229 3214 2 3229 3214 1 2 0 4
3229 3214 1 3229 3214 2 2 0 5
3230 3213 2 3230 3213 1 2 0 4
3230 3213 1 3230 3213 2 2 0 5
3229 3212 2 3229 3212 1 2 0 4
3229 3225 2 3229 3225 1 2 0 4
3229 3225 1 3229 3225 2 2 0 5
3228 3224 2 3228 3224 1 2 0 4
3228 3224 1 3228 3224 2 2 0 5
3229 3223 2 3229 3223 1 2 0 4
3229 3223 1 3229 3223 2 2 0 5
3230 3224 2 3230 3224 1 2 0 4
3230 3224 1 3230 3224 2 2 0 5
3230 3224 1 3230 3224 0 2 0 4
3230 3224 0 3230 3224 1 2 0 5
3229 3223 0 3229 3223 1 2 0 5
3228 3224 0 3228 3224 1 2 0 5
3228 3224 1 3228 3224 0 2 0 4
3229 3223 1 3229 3223 0 2 0 4
3229 3225 0 3229 3225 1 2 0 5
3229 3225 1 3229 3225 0 2 0 4
3211 3243 1 3211 3243 0 2 0 4
3211 3243 0 3211 3243 1 2 0 5
3224 9604 0 3224 9600 0 4 0 8
3224 9600 0 3224 9604 0 4 0 8
3169 3171 0 3169 9571 0 2 1 9
3169 9571 0 3169 3171 0 2 1 10
3168 3172 0 3168 9572 0 2 1 9
3168 9572 0 3168 3172 0 2 1 10
3170 3172 0 3170 9572 0 2 1 9
3170 9572 0 3170 3172 0 2 1 10
3169 3173 0 3167 9573 0 2 1 9
3225 9542 0 3219 9532 2 2 0 11
3226 9542 0 3219 9532 2 2 0 11
3227 9542 0 3219 9532 2 2 0 11
3218 9532 2 3226 9542 0 2 0 11
3219 9532 2 3226 9542 0 2 0 11
3220 9532 2 3226 9542 0 2 0 11
3239 9525 2 3241 9525 2 4 0 12
3241 9525 2 3239 9525 2 4 0 12
3239 9524 2 3241 9524 2 4 0 12
3241 9524 2 3239 9524 2 4 0 12
3238 9497 2 3240 9497 2 4 0 12
3238 9498 2 3240 9498 2 4 0 12
3238 9499 2 3240 9499 2 4 0 12
3197 3278 0 3197 3275 0 6 0 13
3197 3275 0 3197 3278 0 6 0 13
3198 3277 0 3197 3275 0 6 0 13
3198 3276 0 3197 3278 0 6 0 13
3196 3277 0 3197 3275 0 6 0 13
3196 3276 0 3197 3278 0 6 0 13
3164 3306 0 3164 3306 1 2 0 5
3164 3306 1 3164 3306 2 2 0 5
3164 3306 2 3164 3306 1 2 0 4
3165 3307 1 3165 3307 2 2 0 5
3165 3307 2 3165 3307 1 2 0 4
3165 3307 1 3165 3307 0 2 0 4
3165 3307 0 3165 3307 1 2 0 5
3164 3306 1 3164 3306 0 2 0 4
3140 3304 0 3140 3304 1 2 0 5
3140 3304 1 3140 3304 0 2 0 4
3141 3305 0 3141 3305 1 2 0 5
3141 3305 1 3141 3305 0 2 0 4
3140 3306 0 3140 3306 1 2 0 5
3140 3306 1 3140 3306 0 2 0 4
3139 3305 0 3139 3305 1 2 0 5
3139 3305 1 3139 3305 0 2 0 4
3098 3267 0 3102 3266 1 1 0 2
3102 3266 1 3098 3266 0 1 0 3
3098 3266 0 3102 3266 1 1 0 2
3102 3267 1 3098 3266 0 1 0 3
3089 3251 0 3093 3251 1 1 0 2
3093 3251 1 3089 3251 0 1 0 3
3085 9672 0 3085 3272 0 2 1 5
3084 9673 0 3084 3273 0 2 1 5
3083 9672 0 3083 3272 0 2 1 5
3084 9671 0 3084 3271 0 2 1 5
3085 3272 0 3085 9672 0 1 1 6
3084 3273 0 3084 9673 0 1 1 6
3083 3272 0 3083 9672 0 1 1 6
3084 3271 0 3084 9671 0 1 1 6
3118 3243 0 3118 9644 0 1 1 6
3117 3244 0 3118 9644 0 1 1 6
3119 3244 0 3118 9644 0 1 1 6
3118 3245 0 3118 9644 0 1 1 6
3119 9643 0 3118 3243 0 2 1 5
3118 9644 0 3118 3243 0 2 1 5
3117 9643 0 3118 3243 0 2 1 5
3115 3356 0 3077 9771 0 1 1 14
3077 9771 0 3115 3356 0 1 1 15
3116 3356 0 3077 9771 0 1 1 14
3078 9771 0 3115 3356 0 1 1 15
3076 9770 0 3115 3356 0 1 1 15
3076 9769 0 3115 3356 0 1 1 15
3076 9768 0 3115 3356 0 1 1 15
3079 9770 0 3115 3356 0 1 1 15
3079 9769 0 3115 3356 0 1 1 15
3079 9768 0 3115 3356 0 1 1 15
3123 3360 0 3123 3361 0 1 0 0
3123 3361 0 3123 3360 0 1 0 0
3109 3353 0 3109 3354 0 3 0 7
3105 3364 2 3106 3363 1 1 0 3
3106 3363 1 3105 3364 2 1 0 2
3106 3362 1 3105 3364 2 1 0 2
3106 3362 2 3106 3361 2 1 0 0
3106 3361 2 3106 3362 2 1 0 0
3098 3359 0 3096 3359 0 3 0 16
3092 3361 0 3117 9753 0 2 1 4
3117 9753 0 3092 3361 0 2 1 5
3098 3358 0 3096 3358 0 3 0 16
3096 3357 0 3098 3358 0 6 0 17
3108 3353 0 3108 3354 0 3 0 7
3097 3360 0 3096 3359 0 3 0 16
3097 3357 0 3096 3358 0 3 0 16
3108 3361 0 3108 3366 1 1 0 2
3108 3366 1 3108 3361 0 1 0 3
3109 3361 0 3109 3366 1 1 0 2
3109 3366 1 3109 3361 0 1 0 3
3045 3305 0 3042 3305 0 6 0 13
3042 3305 0 3045 3305 0 6 0 13
3043 3306 0 3045 3305 0 6 0 13
3044 3306 0 3042 3305 0 6 0 13
3043 3304 0 3045 3305 0 6 0 13
3063 3281 0 3063 3284 0 6 0 13
3064 3283 0 3063 3281 0 6 0 13
3064 3282 0 3063 3284 0 6 0 13
3063 3284 0 3063 3281 0 6 0 13
3062 3282 0 3063 3284 0 6 0 13
3062 3283 0 3063 3281 0 6 0 13
3054 3382 0 3065 9951 0 1 1 3
3065 9951 0 3053 3382 0 2 1 18
3053 3382 0 3065 9951 0 1 1 3
3065 9952 0 3053 3382 0 2 1 18
3014 9952 0 3038 3382 0 2 1 18
3038 3382 0 3014 9951 0 1 1 3
3014 9951 0 3038 3382 0 2 1 18
3037 3382 0 3014 9951 0 1 1 3
3038 3382 0 3039 3383 1 1 0 2
3039 3383 1 3037 3382 0 1 0 3
3037 3382 0 3039 3383 1 1 0 2
3052 3383 1 3054 3382 0 1 0 3
3052 3373 1 3053 3374 2 1 0 2
3053 3374 2 3052 3372 1 1 0 3
3052 3372 1 3053 3374 2 1 0 2
3038 3374 2 3039 3372 1 1 0 3
3039 3372 1 3038 3374 2 1 0 2
3039 3373 1 3038 3374 2 1 0 2
3054 3382 0 3052 3383 1 1 0 2
3053 3382 0 3052 3383 1 1 0 2
3035 3364 1 3036 3363 0 1 0 3
3036 3363 0 3035 3364 1 1 0 2
3036 3362 0 3035 3364 1 1 0 2
3045 3362 0 3045 3366 1 1 0 2
3045 3366 1 3045 3362 0 1 0 3
3046 3362 0 3046 3366 1 1 0 2
3046 3366 1 3046 3362 0 1 0 3
3049 3354 1 3050 3353 0 1 0 3
3050 3353 0 3049 3354 1 1 0 2
3050 3352 0 3049 3354 1 1 0 2
3050 3356 1 3050 3354 2 2 0 5
3050 3354 2 3050 3356 1 2 0 4
3035 3345 1 3035 3345 0 2 0 4
3035 3345 0 3035 3345 1 2 0 5
3027 3354 0 3027 3352 1 2 0 5
3027 3352 1 3027 3354 0 2 0 4
3010 3338 0 3011 3337 1 1 0 2
3010 3339 0 3011 3337 1 1 0 2
3011 3337 1 3010 3338 0 1 0 3
3020 3333 0 3024 3333 1 1 0 2
3024 3333 1 3020 3333 0 1 0 3
3020 3332 0 3024 3332 1 1 0 2
3024 3332 1 3020 3332 0 1 0 3
3017 3344 0 3021 3344 1 1 0 2
3021 3344 1 3017 3344 0 1 0 3
3017 3343 0 3021 3343 1 1 0 2
3021 3343 1 3017 3343 0 1 0 3
2971 3369 0 2971 3373 1 1 0 2
2971 3373 1 2971 3369 0 1 0 3
2972 3369 0 2972 3373 1 1 0 2
2972 3373 1 2972 3369 0 1 0 3
2959 3368 0 2959 3372 1 1 0 2
2959 3372 1 2959 3368 0 1 0 3
2960 3368 0 2960 3372 1 1 0 2
2960 3372 1 2960 3368 0 1 0 3
2946 3379 0 2946 3377 1 2 0 5
2946 3377 1 2946 3379 0 2 0 4
2971 3347 0 2968 3348 1 1 0 2
2968 3348 1 2971 3347 0 1 0 3
2983 3350 1 2983 3350 0 2 0 4
2983 3350 0 2983 3350 1 2 0 5
2983 3353 1 2983 3353 2 2 0 5
2983 3353 2 2983 3353 1 2 0 4
2983 3350 2 2983 3350 3 2 0 5
2983 3350 3 2983 3350 2 2 0 4
2993 3341 1 2993 3341 0 2 0 4
2993 3341 0 2993 3341 1 2 0 5
2995 3341 1 2995 3341 2 2 0 5
2995 3341 2 2995 3341 1 2 0 4
2995 3341 2 2995 3341 3 2 0 5
2995 3341 3 2995 3341 2 2 0 4
2955 3337 0 2956 3338 1 1 0 2
2956 3338 1 2955 3337 0 1 0 3
2959 3339 2 2960 3340 1 1 0 3
2960 3340 1 2959 3339 2 1 0 2
2961 3340 1 2959 3339 2 1 0 2
2959 3338 3 2958 3337 2 1 0 3
2958 3337 2 2959 3338 3 1 0 2
2957 3337 2 2959 3338 3 1 0 2
2984 3340 2 2984 3336 1 1 0 3
2984 3336 1 2984 3340 2 1 0 2
2985 3340 2 2985 3336 1 1 0 3
2985 3336 1 2985 3340 2 1 0 2
2954 3390 0 2954 3388 1 2 0 5
2954 3388 1 2954 3390 0 2 0 4
2955 3390 1 2953 3390 2 2 0 5
2953 3390 2 2955 3390 1 2 0 4
2954 3388 2 2954 3390 3 2 0 5
2954 3390 3 2954 3388 2 2 0 4
2973 3386 0 2972 3385 1 1 0 2
2972 3385 1 2973 3386 0 1 0 3
2974 3386 0 2972 3385 1 1 0 2
2916 3323 0 2916 3323 1 2 0 5
2916 3323 1 2916 3323 0 2 0 4
2909 3335 0 2908 3336 1 1 0 2
2908 3336 1 2909 3335 0 1 0 3
2909 3334 0 2908 3336 1 1 0 2
2908 3336 1 2908 3336 2 1 0 2
2908 3336 2 2908 3336 1 1 0 3
3140 3637 0 3137 3637 1 1 0 19
3137 3637 1 3140 3637 0 1 0 19
3140 3636 0 3137 3636 1 1 0 19
3137 3636 1 3140 3636 0 1 0 19
3143 3637 0 3146 3637 1 1 0 19
3146 3637 1 3143 3637 0 1 0 19
3143 3636 0 3146 3636 1 1 0 19
3146 3636 1 3143 3636 0 1 0 19
3142 3634 1 3142 3637 2 1 0 19
3142 3637 2 3142 3634 1 1 0 19
3141 3634 1 3141 3637 2 1 0 19
3141 3637 2 3141 3634 1 1 0 19
3126 3639 0 3126 3639 1 2 0 5
3126 3639 1 3126 3639 0 2 0 4
3129 3639 1 3129 3639 2 2 0 5
3129 3639 2 3129 3639 1 2 0 4
3129 3633 2 3129 3633 1 2 0 4
3129 3633 1 3129 3633 2 2 0 5
3126 3633 1 3126 3633 0 2 0 4
3126 3633 0 3126 3633 1 2 0 5
3127 3625 2 3127 3625 1 2 0 4
3127 3625 1 3127 3625 2 2 0 5
3127 3618 1 3127 3618 2 2 0 5
3127 3618 2 3127 3618 1 2 0 4
3131 3622 1 3134 3622 0 1 0 19
3134 3622 0 3131 3622 1 1 0 19
3131 3621 1 3134 3621 0 1 0 19
3134 3621 0 3131 3621 1 1 0 19
3135 3622 0 3138 3622 1 1 0 19
3138 3622 1 3135 3622 0 1 0 19
3135 3621 0 3138 3621 1 1 0 19
3138 3621 1 3135 3621 0 1 0 19
3142 3618 1 3142 3618 2 2 0 5
3142 3618 2 3142 3618 1 2 0 4
3142 3625 1 3142 3625 2 2 0 5
3142 3625 2 3142 3625 1 2 0 4
3152 3644 0 3164 10043 0 2 1 20
3164 10044 0 3152 3644 0 2 1 21
3152 3643 0 3164 10043 0 2 1 20
3164 10043 0 3152 3644 0 2 1 21
3164 10042 0 3152 3644 0 2 1 21
3154 3635 0 3155 3635 0 2 0 22
3155 3635 0 3154 3635 0 2 0 22
3154 3634 0 3155 3634 0 2 0 22
3155 3634 0 3154 3634 0 2 0 22
3135 3617 0 3135 3616 0 2 0 22
3135 3616 0 3135 3617 0 2 0 22
3134 3616 0 3134 3617 0 2 0 22
3134 3617 0 3134 3616 0 2 0 22
3123 3629 0 3122 3629 0 2 0 22
3122 3629 0 3123 3629 0 2 0 22
3123 3628 0 3122 3628 0 2 0 22
3122 3628 0 3123 3628 0 2 0 22
3135 3639 0 3135 3640 0 2 0 22
3135 3640 0 3135 3639 0 2 0 22
3134 3639 0 3134 3640 0 2 0 22
3134 3640 0 3134 3639 0 2 0 22
3371 4810 0 3371 4810 1 2 0 5
3371 4810 1 3371 4810 0 2 0 4
3371 4808 1 3371 4808 0 2 0 4
3371 4808 0 3371 4808 1 2 0 5
3369 4826 1 3369 4826 0 2 0 4
3369 4826 0 3369 4826 1 2 0 5
3367 4826 1 3367 4826 0 2 0 4
3367 4826 0 3367 4826 1 2 0 5
2562 3024 0 2523 3070 0 2 1 23
2523 3070 0 2540 3055 0 2 0 23
2540 3054 0 2553 3055 0 2 0 23
2553 3054 0 2552 3034 0 2 0 23
2552 3034 0 2563 3024 0 2 0 23
2562 3023 0 2523 3070 0 2 1 23
2524 3070 0 2540 3055 0 2 0 23
2541 3054 0 2553 3055 0 2 0 23
2551 3053 0 2552 3034 0 2 0 23
2552 3035 0 2563 3024 0 2 0 23
2561 3021 0 2523 3070 0 2 1 23
2522 3070 0 2540 3055 0 2 0 23
2539 3054 0 2553 3055 0 2 0 23
2552 3054 0 2552 3034 0 2 0 23
2552 3033 0 2563 3024 0 2 0 23
2562 3025 0 2523 3070 0 2 1 23
2542 3054 0 2553 3055 0 2 0 23
2562 3022 0 2523 3070 0 2 1 23
2525 3070 0 2540 3055 0 2 0 23
2561 3026 0 2523 3070 0 2 1 23
2560 3026 0 2523 3070 0 2 1 23
2560 3021 0 2523 3070 0 2 1 23
2500 2988 0 2576 3029 0 2 1 23
2576 3029 0 2500 2988 0 2 1 4
2499 2988 0 2576 3029 0 2 1 23
2575 3028 0 2500 2988 0 2 1 4
2501 2989 0 2576 3029 0 2 1 23
2575 3030 0 2500 2988 0 2 1 4
2498 2989 0 2576 3029 0 2 1 23
2574 3029 0 2500 2988 0 2 1 4
2537 3095 0 2537 3099 1 1 0 2
2537 3099 1 2537 3095 0 1 0 3
2538 3095 0 2538 3099 1 1 0 2
2538 3099 1 2537 3095 0 1 0 3
2538 3088 0 2538 3084 1 1 0 2
2538 3084 1 2537 3088 0 1 0 3
2537 3088 0 2537 3084 1 1 0 2
2537 3084 1 2537 3088 0 1 0 3
2555 3081 0 2555 3081 1 2 0 5
2555 3081 1 2555 3081 0 2 0 4
2556 3082 0 2556 3082 1 2 0 5
2556 3082 1 2556 3082 0 2 0 4
2557 3081 0 2557 3081 1 2 0 5
2557 3081 1 2557 3081 0 2 0 4
2556 3080 0 2556 3080 1 2 0 5
2556 3080 1 2556 3080 0 2 0 4
2606 3079 0 2601 9478 0 1 1 3
2602 9478 0 2606 3078 0 1 1 2
2606 3078 0 2601 9478 0 1 1 3
2602 9479 0 2606 3078 0 1 1 2
2597 3106 0 2597 3106 1 2 0 5
2597 3106 1 2597 3106 0 2 0 4
2598 3107 0 2598 3107 1 2 0 5
2598 3107 1 2598 3107 0 2 0 4
2597 3108 0 2597 3108 1 2 0 5
2597 3108 1 2597 3108 0 2 0 4
2596 3107 0 2596 3107 1 2 0 5
2596 3107 1 2596 3107 0 2 0 4
2620 9496 0 2620 9566 0 1 1 3
2621 9496 0 2620 9566 0 1 1 3
2620 9565 0 2621 9496 0 1 1 2
2621 9565 0 2621 9496 0 1 1 2
2601 9481 0 2601 9482 0 10 0 24
2601 9482 0 2601 9481 0 10 0 24
2597 3087 0 2596 3087 0 1 0 25
2596 3087 0 2597 3087 0 1 0 25
2597 3088 0 2596 3088 0 1 0 25
2596 3088 0 2597 3088 0 1 0 25
2584 3087 0 2585 3087 0 1 0 25
2585 3087 0 2584 3087 0 1 0 25
2584 3088 0 2585 3088 0 1 0 25
2585 3088 0 2584 3088 0 1 0 25
2677 3088 1 2677 3088 0 2 0 4
2677 3088 0 2677 3088 1 2 0 5
2676 3087 1 2676 3087 0 2 0 4
2676 3087 0 2676 3087 1 2 0 5
2677 3086 1 2677 3086 0 2 0 4
2677 3086 0 2677 3086 1 2 0 5
2678 3087 1 2678 3087 0 2 0 4
2678 3087 0 2678 3087 1 2 0 5
2615 3209 0 2618 3208 1 1 0 2
2618 3208 1 2617 3207 0 1 0 3
2617 3207 0 2618 3208 1 1 0 2
2616 3207 0 2618 3208 1 1 0 2
2615 3208 0 2618 3208 1 1 0 2
2618 3208 0 2618 3208 1 1 0 2
2618 3209 0 2618 3208 1 1 0 2
2616 3210 0 2618 3208 1 1 0 2
2617 3210 0 2618 3208 1 1 0 2
2597 3209 0 2597 3208 1 1 0 2
2597 3208 1 2596 3207 0 1 0 3
2597 3208 0 2597 3208 1 1 0 2
2596 3207 0 2597 3208 1 1 0 2
2595 3207 0 2597 3208 1 1 0 2
2594 3208 0 2597 3208 1 1 0 2
2594 3209 0 2597 3208 1 1 0 2
2595 3210 0 2597 3208 1 1 0 2
2596 3210 0 2597 3208 1 1 0 2
2587 3237 0 2570 9682 0 2 1 23
2570 9682 0 2587 3237 0 2 1 26
2586 3237 0 2570 9682 0 2 1 23
2571 9682 0 2587 3237 0 2 1 26
2589 3236 0 2570 9682 0 2 1 23
2588 3237 0 2570 9682 0 2 1 23
2569 9683 0 2587 3237 0 2 1 26
2584 3236 0 2570 9682 0 2 1 23
2569 9684 0 2587 3237 0 2 1 26
2584 3235 0 2570 9682 0 2 1 23
2569 9685 0 2587 3237 0 2 1 26
2584 3234 0 2570 9682 0 2 1 23
2589 3235 0 2570 9682 0 2 1 23
2589 3234 0 2570 9682 0 2 1 23
2588 3232 0 2570 9682 0 2 1 23
2587 3232 0 2570 9682 0 2 1 23
2586 3232 0 2570 9682 0 2 1 23
2585 3232 0 2570 9682 0 2 1 23
2584 3233 0 2570 9682 0 2 1 23
2571 3298 0 2571 3294 1 1 0 2
2571 3294 1 2571 3298 0 1 0 3
2572 3298 0 2571 3294 1 1 0 2
2572 3294 1 2571 3298 0 1 0 3
2610 3307 0 2610 3307 1 2 0 5
2610 3307 1 2610 3307 2 2 0 5
2610 3307 2 2610 3307 3 2 0 5
2610 3307 3 2610 3307 2 2 0 4
2610 3307 2 2610 3307 1 2 0 4
2611 3306 0 2611 3306 1 2 0 5
2611 3306 1 2611 3306 2 2 0 5
2611 3306 2 2611 3306 3 2 0 5
2611 3306 3 2611 3306 2 2 0 4
2611 3306 2 2611 3306 1 2 0 4
2611 3306 1 2611 3306 0 2 0 4
2610 3307 1 2610 3307 0 2 0 4
2609 3306 0 2609 3306 1 2 0 5
2609 3306 1 2609 3306 2 2 0 5
2609 3306 2 2609 3306 1 2 0 4
2609 3306 1 2609 3306 0 2 0 4
2610 3305 0 2610 3305 1 2 0 5
2610 3305 1 2610 3305 0 2 0 4
2610 3305 1 2610 3305 2 2 0 5
2610 3305 2 2610 3305 3 2 0 5
2610 3305 3 2610 3305 2 2 0 4
2609 3306 2 2609 3306 3 2 0 5
2609 3306 3 2609 3306 2 2 0 4
2610 3305 2 2610 3305 1 2 0 4
2665 3321 1 2661 3321 0 1 0 3
2661 3321 0 2665 3321 1 1 0 2
2665 3322 1 2661 3321 0 1 0 3
2661 3322 0 2665 3321 1 1 0 2
2655 3321 0 2655 3321 1 2 0 5
2655 3321 1 2655 3321 0 2 0 4
2662 3294 0 2661 3291 1 1 0 2
2661 3291 1 2662 3294 0 1 0 3
2648 3301 1 2645 3302 0 1 0 3
2645 3302 0 2648 3301 1 1 0 2
2649 3312 1 2650 3311 0 1 0 3
2650 3311 0 2649 3312 1 1 0 2
2649 3312 0 2649 3312 1 1 0 2
2648 3312 0 2649 3312 1 1 0 2
2650 3310 0 2649 3312 1 1 0 2
2649 3296 1 2648 3293 0 1 0 3
2648 3293 0 2649 3296 1 1 0 2
2617 3324 0 2617 3324 1 2 0 5
2617 3324 1 2617 3324 0 2 0 4
2616 3323 0 2616 3323 1 2 0 5
2616 3323 1 2616 3323 0 2 0 4
2651 3286 0 2651 3286 1 2 0 5
2651 3286 1 2651 3286 0 2 0 4
2650 3287 0 2650 3287 1 2 0 5
2650 3287 1 2650 3287 0 2 0 4
2650 3285 0 2650 3285 1 2 0 5
2650 3285 1 2650 3285 0 2 0 4
2649 3287 1 2649 3287 2 2 0 5
2649 3287 2 2649 3287 1 2 0 4
2651 3281 0 2651 3281 1 2 0 5
2651 3281 1 2651 3281 0 2 0 4
2650 3280 0 2650 3280 1 2 0 5
2650 3280 1 2650 3280 0 2 0 4
2650 3282 0 2650 3282 1 2 0 5
2650 3282 1 2650 3282 0 2 0 4
2649 3282 1 2649 3282 2 2 0 5
2649 3282 2 2649 3282 1 2 0 4
2683 3271 0 2683 3268 1 3 0 27
2683 3268 1 2683 3271 0 3 0 27
2622 3291 0 2622 3291 1 2 0 5
2622 3291 1 2622 3291 0 2 0 4
2592 3339 0 2592 3338 0 1 0 0
2592 3338 0 2592 3339 0 1 0 0
2590 3334 0 2594 3334 1 1 0 2
2594 3334 1 2590 3334 0 1 0 3
2590 3335 0 2594 3334 1 1 0 2
2594 3335 1 2590 3334 0 1 0 3
2574 3332 0 2578 3332 1 1 0 2
2578 3332 1 2574 3332 0 1 0 3
2574 3331 0 2578 3331 1 1 0 2
2578 3331 1 2574 3331 0 1 0 3
2572 3324 0 2574 3325 1 1 0 2
2574 3325 1 2573 3324 0 1 0 3
2573 3324 0 2574 3325 1 1 0 2
2574 3325 0 2574 3325 1 1 0 2
2566 3321 1 2565 3322 0 1 0 3
2565 3322 0 2566 3321 1 1 0 2
2565 3323 0 2566 3321 1 1 0 2
2566 3321 0 2566 3321 1 1 0 2
2567 3321 0 2566 3321 1 1 0 2
2568 3322 0 2566 3321 1 1 0 2
2568 3323 0 2566 3321 1 1 0 2
2567 3324 0 2566 3321 1 1 0 2
2664 3333 0 2664 3333 1 2 0 5
2664 3333 1 2664 3333 0 2 0 4
2665 3334 0 2665 3334 1 2 0 5
2665 3334 1 2665 3334 0 2 0 4
2664 3335 0 2664 3335 1 2 0 5
2664 3335 1 2664 3335 0 2 0 4
2663 3334 0 2663 3334 1 2 0 5
2663 3334 1 2663 3334 0 2 0 4
2665 3291 0 2665 3291 1 2 0 5
2665 3291 1 2665 3291 0 2 0 4
2666 3290 0 2666 3290 1 2 0 5
2666 3290 1 2666 3290 0 2 0 4
2569 3271 0 2568 3267 1 1 0 2
2568 3267 1 2568 3271 0 1 0 3
2568 3271 0 2568 3267 1 1 0 2
2569 3267 1 2568 3271 0 1 0 3
2570 3268 0 2570 9668 0 2 1 4
2570 9668 0 2570 3268 0 2 1 5
2571 3267 0 2571 9667 0 2 1 4
2571 9667 0 2571 3267 0 2 1 5
2559 3300 0 2556 3300 0 2 0 28
2556 3300 0 2559 3300 0 2 0 28
2559 3299 0 2556 3299 0 2 0 28
2556 3299 0 2559 3299 0 2 0 28
2542 3331 0 2541 3331 0 2 0 29
2541 3331 0 2542 3331 0 2 0 29
2531 3328 0 2531 3329 0 1 0 0
2531 3329 0 2531 3328 0 1 0 0
2528 3331 0 2527 3331 1 2 0 30
2527 3331 1 2527 3331 0 2 0 20
2527 3331 0 2527 3331 1 2 0 30
2530 3320 0 2529 3317 1 1 0 2
2529 3317 1 2530 3320 0 1 0 3
2527 3317 1 2527 3313 2 1 0 2
2527 3313 2 2527 3317 1 1 0 3
2528 3317 1 2527 3313 2 1 0 2
2528 3313 2 2527 3317 1 1 0 3
2524 3313 1 2523 3317 0 1 0 3
2523 3317 0 2523 3313 1 1 0 2
2523 3313 1 2523 3317 0 1 0 3
2524 3317 0 2523 3313 1 1 0 2
2530 3314 0 2529 3314 0 1 0 0
2529 3314 0 2530 3314 0 1 0 0
2526 3290 0 2527 3293 1 1 0 2
2527 3293 1 2526 3290 0 1 0 3
2530 3294 0 2531 3293 1 1 0 2
2531 3293 1 2530 3294 0 1 0 3
2530 3295 0 2531 3293 1 1 0 2
2531 3293 0 2531 3293 1 1 0 2
2532 3293 0 2531 3293 1 1 0 2
2533 3271 0 2533 3272 0 1 0 0
2533 3272 0 2533 3271 0 1 0 0
2536 3271 0 2537 9670 0 2 1 31
2537 9670 0 2536 3271 0 2 1 32
2537 3271 0 2537 9670 0 2 1 31
2536 9670 0 2536 3271 0 2 1 32
2539 9672 0 2540 9672 0 1 0 0
2540 9672 0 2539 9672 0 1 0 0
2540 3273 0 2540 3272 0 1 0 0
2540 3272 0 2540 3273 0 1 0 0
2458 3309 0 2458 3309 1 2 0 5
2458 3309 1 2458 3309 0 2 0 4
2459 3310 0 2459 3310 1 2 0 5
2459 3310 1 2459 3310 0 2 0 4
2457 3310 0 2457 3310 1 2 0 5
2457 3310 1 2457 3310 0 2 0 4
2458 3311 1 2458 3311 0 2 0 4
2458 3311 0 2458 3311 1 2 0 5
2161 4724 1 2157 4724 1 5 0 33
2157 4724 1 2161 4724 1 5 0 33
2155 4721 1 2155 4717 1 5 0 33
2145 4720 1 2145 4716 1 5 0 33
2145 4716 1 2145 4720 1 5 0 33
2155 4707 1 2155 4703 1 5 0 33
2155 4703 1 2155 4707 1 5 0 33
2154 4693 1 2154 4689 1 5 0 33
2154 4689 1 2154 4693 1 5 0 33
2120 4686 1 2124 4686 1 5 0 33
2124 4686 1 2120 4686 1 5 0 33
2163 4686 1 2167 4686 1 5 0 33
2167 4686 1 2163 4686 1 5 0 33
2162 4666 1 2162 4662 1 5 0 33
2162 4662 1 2162 4666 1 5 0 33
2161 4657 1 2161 4653 1 5 0 33
2161 4653 1 2161 4657 1 5 0 33
2161 4640 1 2161 4636 1 5 0 33
2161 4636 1 2161 4640 1 5 0 33
2160 4628 1 2160 4624 1 5 0 33
2160 4624 1 2160 4628 1 5 0 33
2151 4614 1 2147 4614 1 5 0 33
2147 4614 1 2151 4614 1 5 0 33
2123 4619 1 2123 4615 1 5 0 33
2123 4615 1 2123 4619 1 5 0 33
2126 4610 1 2130 4610 1 5 0 33
2130 4610 1 2126 4610 1 5 0 33
2142 4604 1 2146 4604 1 5 0 33
2146 4604 1 2142 4604 1 5 0 33
2161 4602 1 2161 4598 1 5 0 33
2161 4598 1 2161 4602 1 5 0 33
2127 4595 1 2127 4591 1 5 0 33
2127 4591 1 2127 4595 1 5 0 33
2123 4585 1 2123 4581 1 5 0 33
2123 4581 1 2123 4585 1 5 0 33
2135 4584 1 2139 4584 1 5 0 33
2139 4584 1 2135 4584 1 5 0 33
2146 4583 1 2150 4583 1 5 0 33
2150 4583 1 2146 4583 1 5 0 33
2155 4582 1 2159 4582 1 5 0 33
2159 4582 1 2155 4582 1 5 0 33
2142 4565 1 2142 4561 1 5 0 33
2142 4561 1 2142 4565 1 5 0 33
2129 4566 1 2125 4566 1 5 0 33
2125 4566 1 2129 4566 1 5 0 33
2145 4648 1 2014 4712 1 1 1 0
2145 4647 1 2014 4711 1 1 1 0
2010 4711 1 2343 9622 0 5 1 34
2010 4712 1 2343 9622 0 5 1 34
2150 4546 1 2336 9794 0 5 1 35
1857 4639 0 2311 9793 0 5 1 11
2305 9915 0 2113 4729 1 5 1 35
2311 9793 0 1857 4639 0 5 1 36
2336 9794 0 2150 4546 1 5 1 35
2464 6082 0 2150 4546 1 5 1 35
2439 6081 0 1857 4639 0 5 1 36
2571 3240 0 2571 3241 1 1 0 2
2571 3241 0 2571 3241 1 1 0 2
2571 3241 1 2572 3242 0 1 0 3
2572 3242 0 2571 3241 1 1 0 2
2572 3242 1 2572 3242 0 1 0 3
2573 3242 0 2571 3241 1 1 0 2
2572 3239 0 2571 3241 1 1 0 2
2573 3239 0 2571 3241 1 1 0 2
2571 3241 1 2571 3241 2 1 0 2
2571 3241 2 2572 3242 1 1 0 3
2572 3242 1 2571 3241 2 1 0 2
2566 3243 0 2566 9643 0 2 1 4
2566 9643 0 2566 3243 0 2 1 5
2565 3242 0 2565 9642 0 2 1 4
2565 9642 0 2565 3242 0 2 1 5
2566 3241 0 2566 9641 0 2 1 4
2566 9641 0 2566 3241 0 2 1 5
2567 3242 0 2567 9642 0 2 1 4
2567 9642 0 2567 3242 0 2 1 5
2569 9628 0 2569 3228 0 2 1 5
2569 3228 0 2569 9628 0 2 1 4
2568 9627 0 2568 3227 0 2 1 5
2568 3227 0 2568 9627 0 2 1 4
2569 9626 0 2569 3226 0 2 1 5
2569 3226 0 2569 9626 0 2 1 4
2570 9627 0 2570 3227 0 2 1 5
2570 3227 0 2570 9627 0 2 1 4
2571 3227 0 2571 9627 0 2 1 4
2571 9627 0 2571 3227 0 2 1 5
2572 3228 0 2572 9628 0 2 1 4
2572 9628 0 2572 3228 0 2 1 5
2573 3227 0 2573 9627 0 2 1 4
2573 9627 0 2573 3227 0 2 1 5
2572 3226 0 2572 9626 0 2 1 4
2572 9626 0 2572 3226 0 2 1 5
2567 3227 0 2567 9627 0 2 1 4
2567 9627 0 2567 3227 0 2 1 5
2566 3226 0 2566 9626 0 2 1 4
2566 9626 0 2566 3226 0 2 1 5
2565 3227 0 2565 9627 0 2 1 4
2565 9627 0 2565 3227 0 2 1 5
2566 3228 0 2566 9628 0 2 1 4
2566 9628 0 2566 3228 0 2 1 5
2566 3230 0 2566 9630 0 2 1 4
2566 9630 0 2566 3230 0 2 1 5
2567 3231 0 2567 9631 0 2 1 4
2567 9631 0 2567 3231 0 2 1 5
2566 3232 0 2566 9632 0 2 1 4
2566 9632 0 2566 3232 0 2 1 5
2565 3231 0 2565 9631 0 2 1 4
2565 9631 0 2565 3231 0 2 1 5
2568 3231 0 2568 9631 0 2 1 4
2568 9631 0 2568 3231 0 2 1 5
2569 3232 0 2569 9632 0 2 1 4
2569 9632 0 2569 3232 0 2 1 5
2570 3231 0 2570 9631 0 2 1 4
2570 9631 0 2570 3231 0 2 1 5
2569 3230 0 2569 9630 0 2 1 4
2569 9630 0 2569 3230 0 2 1 5
2621 3262 0 2621 9662 0 2 1 4
2621 9662 0 2621 3262 0 2 1 5
2622 3261 0 2622 9661 0 2 1 4
2622 9661 0 2622 3261 0 2 1 5
2621 3260 0 2621 9660 0 2 1 4
2621 9660 0 2621 3260 0 2 1 5
2620 3261 0 2620 9661 0 2 1 4
2620 9661 0 2620 3261 0 2 1 5
2576 9631 0 2575 9631 0 2 0 37
2575 9631 0 2576 9631 0 2 0 37
2573 9631 0 2573 3231 0 2 1 5
2571 9631 0 2571 3231 0 2 1 5
2572 9632 0 2572 3232 0 2 1 5
2572 9630 0 2572 3230 0 2 1 5
2561 9621 0 2561 3221 0 2 1 5
2561 3221 0 2561 9621 0 2 1 4
2562 9622 0 2562 3222 0 2 1 5
2562 3222 0 2561 9621 0 2 1 4
2561 3223 0 2561 9621 0 2 1 4
2560 3222 0 2561 9621 0 2 1 4
3077 3493 0 3077 9893 0 1 1 38
3077 9893 0 3077 3493 0 1 1 39
3097 3511 0 3097 3511 1 2 0 5
3097 3511 1 3097 3511 0 2 0 4
3096 3512 0 3096 3512 1 2 0 5
3096 3512 1 3096 3512 0 2 0 4
3095 3511 0 3095 3511 1 2 0 5
3095 3511 1 3095 3511 0 2 0 4
3096 3510 0 3096 3510 1 2 0 5
3096 3510 1 3096 3510 0 2 0 4
3083 3512 0 3083 3512 1 2 0 5
3083 3512 1 3083 3512 0 2 0 4
3082 3513 0 3082 3513 1 2 0 5
3082 3513 1 3082 3513 0 2 0 4
3096 3468 0 3096 9867 0 2 1 6
3096 9867 0 3096 3468 0 2 1 5
3097 9868 0 3096 3468 0 2 1 5
3094 9895 0 3093 9895 0 2 0 40
3093 9895 0 3094 9895 0 2 0 40
3094 9896 0 3093 9896 0 2 0 40
3093 9896 0 3094 9896 0 2 0 40
3132 9917 0 3132 9918 0 2 0 1
3132 9918 0 3132 9917 0 2 0 1
3131 9917 0 3131 9918 0 2 0 1
3131 9918 0 3131 9917 0 2 0 1
3122 3488 0 3122 3487 0 2 0 0
3122 3487 0 3122 3488 0 2 0 0
3212 3472 0 3212 3476 1 2 0 2
3212 3476 1 3212 3472 0 2 0 3
3213 3472 0 3213 3476 1 2 0 2
3213 3476 1 3213 3472 0 2 0 3
3203 3496 0 3204 3497 1 2 0 2
3204 3497 1 3203 3496 0 2 0 3
3204 3497 1 3204 3497 2 2 0 2
3204 3497 2 3203 3496 1 2 0 3
3204 3497 2 3204 3497 3 2 0 5
3204 3497 3 3204 3497 2 2 0 4
3220 3496 1 3219 3495 0 2 0 3
3219 3495 0 3220 3496 1 2 0 2
3218 3495 0 3220 3496 1 2 0 2
3222 3491 0 3222 3490 0 2 0 0
3222 3490 0 3222 3491 0 2 0 0
3222 3479 0 3222 3478 0 2 0 0
3222 3478 0 3222 3479 0 2 0 0
3223 3472 1 3223 3472 2 2 0 5
3223 3472 2 3223 3472 1 2 0 4
3223 3472 3 3222 3471 2 2 0 3
3222 3471 2 3223 3472 3 2 0 2
3221 3471 2 3223 3472 3 2 0 2
3238 3490 0 3242 3490 1 2 0 2
3242 3490 1 3238 3490 0 2 0 3
3238 3489 0 3242 3489 1 2 0 2
3242 3489 1 3238 3489 0 2 0 3
3257 3487 0 3258 3486 1 2 0 2
3258 3486 1 3257 3487 0 2 0 3
3257 3488 0 3258 3486 1 2 0 2
3258 3486 1 3258 3486 2 2 0 2
3258 3486 2 3257 3487 1 2 0 3
3258 3486 2 3258 3486 3 2 0 2
3258 3486 3 3257 3487 2 2 0 3
3239 3447 1 3238 3446 0 2 0 3
3238 3446 0 3239 3447 1 2 0 2
3237 3446 0 3239 3447 1 2 0 2
3257 3454 0 1759 4958 0 2 1 20
1759 4958 0 3258 3452 0 2 1 30
3258 3453 0 1759 4958 0 2 1 20
1758 4958 0 3258 3452 0 2 1 30
3258 3452 0 1759 4958 0 2 1 20
1760 4958 0 3258 3452 0 2 1 30
3258 3451 0 1759 4958 0 2 1 20
3257 3450 0 1759 4958 0 2 1 20
1761 4965 0 1631 4957 0 2 1 20
1631 4957 0 1761 4964 0 2 1 30
1761 4964 0 1631 4957 0 2 1 20
1630 4957 0 1761 4964 0 2 1 30
1761 4963 0 1631 4957 0 2 1 20
1632 4957 0 1761 4964 0 2 1 30
3266 3451 0 3266 3455 1 2 0 2
3266 3455 1 3266 3451 0 2 0 3
3267 3451 0 3267 3455 1 2 0 2
3267 3455 1 3267 3451 0 2 0 3
3254 3442 1 3254 3446 2 2 0 2
3254 3446 2 3254 3442 1 2 0 3
3253 3442 1 3253 3446 2 2 0 2
3253 3446 2 3253 3442 1 2 0 3
3257 3421 1 3256 3420 0 2 0 3
3256 3420 0 3257 3421 1 2 0 2
3255 3420 0 3257 3421 1 2 0 2
3257 3422 1 3256 3420 0 2 0 3
3234 3424 0 3234 3424 1 2 0 5
3234 3424 1 3234 3424 0 2 0 4
3230 3394 1 3226 3394 0 2 0 3
3226 3394 0 3230 3394 1 2 0 2
3230 3393 1 3226 3393 0 2 0 3
3226 3393 0 3230 3393 1 2 0 2
3231 9800 0 3231 3400 0 2 1 5
3231 3400 0 3231 9800 0 2 1 4
3230 9801 0 3230 3401 0 2 1 5
3230 3401 0 3230 9801 0 2 1 4
3231 9802 0 3231 3402 0 2 1 5
3231 3402 0 3231 9802 0 2 1 4
3232 9801 0 3232 3401 0 2 1 5
3232 3401 0 3232 9801 0 2 1 4
3230 3386 0 3230 3382 1 2 0 2
3230 3382 1 3230 3386 0 2 0 3
3231 3386 0 3231 3382 1 2 0 2
3231 3382 1 3231 3386 0 2 0 3
3222 3387 1 3222 3387 0 2 0 4
3222 3387 0 3222 3387 1 2 0 5
3186 3434 0 3190 9834 0 2 1 3
3190 9834 0 3186 3434 0 2 1 2
3186 3433 0 3190 9833 0 2 1 3
3190 9833 0 3186 3433 0 2 1 2
3185 3447 0 3185 3447 1 2 0 5
3185 3447 1 3185 3447 0 2 0 4
3159 3436 0 3155 3436 1 2 0 2
3155 3436 1 3159 3436 0 2 0 3
3159 3435 0 3155 3435 1 2 0 2
3155 3435 1 3159 3435 0 2 0 3
3186 3414 0 3186 3414 1 2 0 5
3186 3414 1 3186 3414 0 2 0 4
3205 3396 0 3205 3396 1 2 0 5
3205 3396 1 3205 3396 0 2 0 4
3203 3389 1 3205 3389 0 2 0 4
3203 3389 0 3203 3389 1 2 0 5
3243 3383 0 3243 9783 0 2 1 4
3243 9783 0 3244 3382 0 2 1 5
3244 3382 0 3244 9782 0 2 1 4
3244 9782 0 3244 3382 0 2 1 5
3245 9783 0 3244 3382 0 2 1 5
3244 9784 0 3244 3382 0 2 1 5
3262 3402 0 3262 3402 1 2 0 5
3262 3402 1 3262 3402 0 2 0 4
3263 3406 0 3264 3406 0 2 0 1
3264 3406 0 3263 3406 0 2 0 1
3263 3405 0 3264 3405 0 2 0 1
3264 3405 0 3263 3405 0 2 0 1
3283 3397 1 3283 3397 0 2 0 4
3283 3397 0 3283 3397 1 2 0 5
3202 3435 1 3202 3435 0 2 0 4
3202 3435 0 3202 3435 1 2 0 5
3246 3409 0 3246 3409 1 2 0 5
3246 3409 1 3246 3409 0 2 0 4
3202 3417 1 3202 3417 0 2 0 4
3202 3417 0 3202 3417 1 2 0 5
3214 3411 0 3214 3411 1 2 0 5
3214 3411 1 3214 3411 0 2 0 4
3179 3401 0 3179 3401 1 2 0 5
3179 3401 1 3179 3401 0 2 0 4
3175 3421 0 3175 3421 1 2 0 5
3175 3421 1 3175 3421 0 2 0 4
3267 3379 0 3269 3379 1 2 0 5
3267 3379 1 3267 3379 0 2 0 4
3237 9858 0 3236 3458 0 2 1 5
3236 3458 0 3237 9858 0 2 1 41
3295 3428 0 3296 3428 0 2 0 1
3296 3428 0 3295 3428 0 2 0 1
3295 3429 0 3296 3429 0 2 0 1
3296 3429 0 3295 3429 0 2 0 1
3081 3421 0 1859 5243 0 2 1 42
1859 5243 0 3081 3421 0 2 1 5
1860 5244 0 3081 3421 0 2 1 5
1858 5244 0 3081 3421 0 2 1 5
1913 5225 0 3081 3421 0 2 1 5
1914 5226 0 3081 3421 0 2 1 5
1912 5226 0 3081 3421 0 2 1 5
1913 5227 0 3081 3421 0 2 1 5
1902 5223 0 2042 5245 0 2 1 4
1903 5222 0 2042 5245 0 2 1 4
1902 5221 0 2042 5245 0 2 1 4
2042 5245 0 1859 5243 0 2 1 5
2026 5219 0 2123 5252 0 2 1 4
2025 5218 0 2123 5252 0 2 1 4
2122 5251 0 2042 5245 0 2 1 43
2026 5217 0 2123 5252 0 2 1 4
2150 5279 0 2123 5252 0 2 0 44
2147 5284 0 2358 5215 0 2 1 45
2358 5215 0 2123 5252 0 2 1 46
2148 5283 0 2358 5215 0 2 1 45
2357 5216 0 2123 5252 0 2 1 46
2149 5284 0 2358 5215 0 2 1 45
2349 5215 0 3081 3421 0 2 1 47
2027 5218 0 2123 5252 0 2 1 4
2350 5214 0 3081 3421 0 2 1 47
2150 5277 0 2123 5252 0 2 0 44
2151 5278 0 2123 5252 0 2 0 44
2351 5215 0 3081 3421 0 2 1 47
2350 5216 0 3081 3421 0 2 1 47
3096 3432 0 3096 3432 1 2 0 5
3096 3432 1 3096 3432 0 2 0 4
3097 3432 1 3097 3432 2 2 0 5
3097 3432 2 3097 3432 1 2 0 4
3267 3228 0 3268 3228 0 1 0 1
3268 3228 0 3267 3228 0 1 0 1
3267 3227 0 3268 3227 0 1 0 1
3268 3227 0 3267 3227 0 1 0 1
3298 3124 0 3297 3124 0 2 0 48
3297 3124 0 3298 3124 0 2 0 48
3303 3117 0 3304 3115 0 2 0 49
3304 3117 0 3304 3115 0 2 0 49
3304 3115 0 3304 3117 0 2 0 49
3303 3115 0 3304 3117 0 2 0 49
3193 2843 0 3196 2843 0 3 0 49
3193 2842 0 3196 2842 0 3 0 49
3196 2843 0 3193 2843 0 3 0 49
3196 2842 0 3193 2842 0 3 0 49
3167 2819 0 3167 2816 0 3 0 49
3168 2819 0 3168 2816 0 3 0 49
3167 2816 0 3167 2819 0 3 0 49
3168 2816 0 3168 2819 0 3 0 49
3322 3138 0 3322 3138 1 2 0 5
3322 3138 1 3322 3138 0 2 0 4
3312 3184 0 3314 3185 1 2 0 2
3314 3185 1 3313 3184 0 2 0 3
3313 3184 0 3314 3185 1 2 0 2
3314 3185 0 3314 3185 1 2 0 2
3314 3186 0 3314 3185 1 2 0 2
3285 3165 0 3285 3165 1 2 0 5
3285 3165 1 3285 3165 0 2 0 4
3284 3166 0 3284 3166 1 2 0 5
3284 3166 1 3284 3166 0 2 0 4
3283 3165 0 3283 3165 1 2 0 5
3283 3165 1 3283 3165 0 2 0 4
3284 3164 0 3284 3164 1 2 0 5
3284 3164 1 3284 3164 0 2 0 4
3287 3192 0 3287 3192 1 2 0 5
3287 3192 1 3287 3192 0 2 0 4
3286 3191 0 3286 3191 1 2 0 5
3286 3191 1 3286 3191 0 2 0 4
3286 3191 1 3286 3191 2 2 0 5
3286 3191 2 3286 3191 1 2 0 4
3287 3192 1 3287 3192 2 2 0 5
3420 3185 0 3420 3185 1 2 0 5
3420 3185 1 3420 3185 0 2 0 4
3363 3300 0 3363 3298 0 2 0 50
3363 3298 0 3363 3300 0 2 0 50
3360 3306 0 3357 3307 1 2 0 26
3357 3307 1 3360 3306 0 2 0 51
3358 3307 1 3360 3306 0 2 0 51
3360 3307 0 3357 3307 1 2 0 26
3359 3307 1 3360 3306 0 2 0 51
3366 3306 0 3369 3307 1 2 0 26
3369 3307 1 3366 3306 0 2 0 51
3366 3307 0 3369 3307 1 2 0 26
3368 3307 1 3366 3306 0 2 0 51
3367 3307 1 3366 3306 0 2 0 51
3165 3252 0 3149 9652 0 2 1 6
3166 3251 0 3149 9652 0 2 1 6
3149 9652 0 3165 3251 0 2 1 5
3150 9653 0 3165 3251 0 2 1 5
3148 9653 0 3165 3251 0 2 1 5
3055 3245 0 3055 3242 1 3 0 27
3055 3242 1 3055 3245 0 3 0 27
3048 3234 0 3048 3231 1 3 0 27
3048 3231 1 3048 3234 0 3 0 27
3047 3231 1 3045 3231 2 2 0 52
3045 3231 2 3047 3231 1 2 0 53
3045 3227 2 3047 3227 1 2 0 53
3047 3227 1 3045 3227 2 2 0 52
3029 3217 0 3032 3217 1 3 0 27
3032 3217 1 3029 3217 0 3 0 27
3035 3214 0 3035 3214 1 2 0 52
3035 3214 1 3035 3214 0 2 0 53
3035 3218 0 3035 3218 1 2 0 52
3035 3218 1 3035 3218 0 2 0 53
3035 3222 0 3035 3222 1 2 0 52
3035 3222 1 3035 3222 0 2 0 53
3036 3223 1 3036 3225 2 2 0 52
3036 3225 2 3036 3223 1 2 0 53
3032 3225 2 3032 3223 1 2 0 53
3032 3223 1 3032 3225 2 2 0 52
3041 3202 0 3041 3199 1 3 0 27
3041 3199 1 3041 3202 0 3 0 27
3038 3192 0 3038 3189 1 3 0 27
3038 3189 1 3038 3192 0 3 0 27
3013 3204 0 3013 3204 1 2 0 5
3013 3204 1 3013 3204 0 2 0 4
3014 3203 0 3014 3203 1 2 0 5
3014 3203 1 3014 3203 0 2 0 4
3012 3203 0 3012 3203 1 2 0 5
3012 3203 1 3012 3203 0 2 0 4
3011 3184 0 3011 3184 1 2 0 5
3011 3184 1 3011 3184 0 2 0 4
3012 3235 0 3012 3235 1 2 0 5
3012 3235 1 3012 3235 0 2 0 4
3011 3234 0 3011 3234 1 2 0 5
3011 3234 1 3011 3234 0 2 0 4
3010 3235 0 3010 3235 1 2 0 5
3010 3235 1 3010 3235 0 2 0 4
3011 3236 0 3011 3236 1 2 0 5
3011 3236 1 3011 3236 0 2 0 4
3016 3246 0 3015 3246 0 2 0 0
3015 3246 0 3016 3246 0 2 0 0
3013 3245 0 3013 3245 1 2 0 5
3013 3245 1 3013 3245 0 2 0 4
3014 3244 0 3013 3245 1 2 0 5
3012 3244 1 3012 3244 0 2 0 4
3012 3244 0 3013 3245 1 2 0 5
3014 3244 1 3014 3244 0 2 0 4
3025 3261 1 3024 3260 0 2 0 3
3024 3260 0 3025 3261 1 2 0 2
3023 3260 0 3025 3261 1 2 0 2
3026 3247 1 3025 3248 0 2 0 3
3025 3248 0 3026 3247 1 2 0 2
3025 3249 0 3026 3247 1 2 0 2
3018 3231 0 2962 9650 0 2 1 41
2962 9650 0 3018 3233 0 2 1 5
3105 3162 0 3104 9576 0 2 1 4
3104 9576 0 3105 3162 0 2 1 5
3104 3163 0 3104 9576 0 2 1 4
3103 9577 0 3105 3162 0 2 1 5
3104 3161 0 3104 9576 0 2 1 4
3103 9575 0 3105 3162 0 2 1 5
3103 3162 0 3104 9576 0 2 1 4
3105 3160 0 3104 3161 1 2 0 2
3104 3161 1 3104 3161 0 2 0 3
3105 3159 0 3104 3161 1 2 0 2
3103 3161 1 3104 3161 0 2 0 3
3104 3161 1 3104 3161 2 2 0 2
3104 3161 2 3104 3161 1 2 0 3
2884 3398 0 2884 9798 0 2 1 4
2884 9798 0 2884 3398 0 2 1 5
2885 3397 0 2885 9797 0 2 1 4
2885 9797 0 2885 3397 0 2 1 5
2884 3396 0 2884 9796 0 2 1 4
2884 9796 0 2884 3396 0 2 1 5
2883 3397 0 2883 9797 0 2 1 4
2883 9797 0 2883 3397 0 2 1 5
2888 9831 0 2889 9831 0 2 0 48
2888 9830 0 2889 9830 0 2 0 48
2889 9830 0 2888 9830 0 2 0 48
2889 9831 0 2888 9831 0 2 0 48
2842 3423 0 2842 9823 0 2 1 4
2842 9823 0 2842 3423 0 2 1 5
2843 3424 0 2843 9824 0 2 1 4
2843 9824 0 2843 3424 0 2 1 5
2842 3425 0 2842 9825 0 2 1 4
2842 9825 0 2842 3425 0 2 1 5
2841 3424 0 2841 9824 0 2 1 4
2841 9824 0 2841 3424 0 2 1 5
1310 1237 0 2873 9848 0 2 1 54
2873 9848 0 1310 1237 0 2 1 54
1311 1237 0 2873 9848 0 2 1 54
2873 9847 0 1310 1237 0 2 1 54
1309 1237 0 2873 9848 0 2 1 54
2873 9846 0 1310 1237 0 2 1 54
1292 1253 0 1240 1226 0 2 1 55
1291 1253 0 1240 1226 0 2 1 55
1240 1226 0 1291 1253 0 2 1 56
1309 1269 0 1304 1290 0 2 0 55
1304 1290 0 1309 1269 0 2 0 56
1368 1226 0 1328 1253 0 2 1 56
1328 1253 0 1368 1226 0 2 1 55
1329 1253 0 1368 1226 0 2 1 55
2903 9813 1 2906 9813 0 2 0 57
2906 9813 0 2903 9813 1 2 0 57
2883 9825 0 2880 9825 1 2 0 57
2880 9825 1 2883 9825 0 2 0 57
2924 9803 0 2923 9803 0 2 0 1
2923 9803 0 2924 9803 0 2 0 1
2914 3450 0 2914 3450 1 2 0 5
2914 3450 1 2914 3450 0 2 0 4
2915 3451 0 2915 3451 1 2 0 5
2915 3451 1 2915 3451 0 2 0 4
2915 3449 0 2915 3449 1 2 0 5
2915 3449 1 2915 3449 0 2 0 4
2916 3450 0 2916 3450 1 2 0 5
2914 3441 0 2914 3441 1 2 0 5
2914 3441 1 2914 3441 0 2 0 4
2918 3439 0 2916 3438 0 2 0 13
2916 3438 0 2919 3438 0 2 0 13
2919 3438 0 2916 3438 0 2 0 13
2917 3437 0 2919 3438 0 2 0 13
2918 3437 0 2916 3438 0 2 0 13
2917 3439 0 2919 3438 0 2 0 13
2898 3427 0 2898 3427 1 2 0 2
2898 3427 1 2897 3428 0 2 0 3
2897 3428 0 2898 3427 1 2 0 2
2897 3429 0 2898 3427 1 2 0 2
2898 3430 0 2898 3427 1 2 0 2
2899 3430 0 2898 3427 1 2 0 2
2899 3427 0 2898 3427 1 2 0 2
2900 3428 0 2898 3427 1 2 0 2
2900 3429 0 2898 3427 1 2 0 2
2900 3473 0 2901 3473 0 2 0 0
2901 3473 0 2900 3473 0 2 0 0
2906 3468 0 2906 3472 1 2 0 58
2906 3472 1 2906 3468 0 2 0 59
2907 3468 0 2906 3472 1 2 0 58
2907 3472 1 2906 3468 0 2 0 59
2906 3476 0 2906 9876 0 2 1 4
2906 9876 0 2906 3476 0 2 1 5
2907 3475 0 2906 9876 0 2 1 4
2907 9875 0 2906 3476 0 2 1 5
2898 3469 0 2901 9867 0 2 1 60
2901 9867 0 2899 3469 0 2 1 2
2899 3469 0 2901 9867 0 2 1 60
2899 3470 0 2901 9867 0 2 1 60
2899 3468 0 2901 9867 0 2 1 60
2877 3482 0 2876 9878 0 2 1 51
2876 9879 0 2877 3482 0 2 1 26
2876 3482 0 2876 9878 0 2 1 51
2877 9879 0 2877 3482 0 2 1 26
2821 9882 0 2820 3486 0 2 1 26
2820 3486 0 2820 9882 0 2 1 51
2820 9882 0 2820 3486 0 2 1 26
2821 3486 0 2820 9882 0 2 1 51
2792 3414 0 2792 3417 1 3 0 27
2792 3417 1 2792 3414 0 3 0 27
2813 3450 0 2813 3450 1 2 0 5
2813 3450 1 2813 3450 0 2 0 4
2812 3451 0 2812 3451 1 2 0 5
2812 3451 1 2812 3451 0 2 0 4
2758 3482 0 2758 3483 0 2 0 1
2758 3483 0 2758 3482 0 2 0 1
2757 3482 0 2757 3483 0 2 0 1
2757 3483 0 2757 3482 0 2 0 1
2751 3508 0 2751 3513 1 2 0 2
2751 3513 1 2751 3508 0 2 0 3
2750 3508 0 2750 3513 1 2 0 2
2750 3513 1 2750 3508 0 2 0 3
2768 3493 0 2768 3493 1 2 0 5
2768 3493 1 2768 3493 0 2 0 4
2769 3492 0 2769 3492 1 2 0 5
2769 3492 1 2769 3492 0 2 0 4
2770 3493 0 2770 3493 1 2 0 5
2770 3493 1 2770 3493 0 2 0 4
2769 3494 0 2769 3494 1 2 0 5
2769 3494 1 2769 3494 0 2 0 4
2748 3493 0 2748 3493 1 2 0 5
2748 3493 1 2748 3493 0 2 0 4
2747 3494 0 2747 3494 1 2 0 5
2747 3494 1 2747 3494 0 2 0 4
2747 3492 0 2747 3492 1 2 0 5
2747 3492 1 2747 3492 0 2 0 4
2746 3493 0 2746 3493 1 2 0 5
2746 3493 1 2746 3493 0 2 0 4
2728 3490 0 2728 3490 1 2 0 5
2728 3490 1 2728 3490 0 2 0 4
2729 3491 0 2729 3491 1 2 0 5
2729 3491 1 2729 3491 0 2 0 4
2728 3492 0 2728 3492 1 2 0 5
2728 3492 1 2728 3492 0 2 0 4
2727 3491 0 2727 3491 1 2 0 5
2727 3491 1 2727 3491 0 2 0 4
2715 3471 0 2715 3471 1 2 0 5
2715 3471 1 2715 3471 0 2 0 4
2714 3470 0 2714 3470 1 2 0 5
2714 3470 1 2714 3470 0 2 0 4
2699 3475 0 2699 3475 1 2 0 5
2699 3475 1 2699 3475 0 2 0 4
2697 3496 0 2698 3495 1 2 0 2
2698 3495 1 2697 3496 0 2 0 3
2697 3497 0 2698 3495 1 2 0 2
2698 3498 0 2698 3495 1 2 0 2
2699 3498 0 2698 3495 1 2 0 2
2698 3495 0 2698 3495 1 2 0 2
2700 3497 0 2698 3495 1 2 0 2
2699 3495 0 2698 3495 1 2 0 2
2700 3496 0 2698 3495 1 2 0 2
2807 3453 0 2807 3453 1 2 0 5
2807 3453 1 2807 3453 0 2 0 4
2808 3454 1 2808 3453 0 2 0 4
2767 3492 1 2767 3492 2 2 0 5
2767 3492 2 2767 3492 1 2 0 4
2766 3491 1 2766 3491 2 2 0 5
2766 3491 2 2766 3491 1 2 0 4
2768 3491 1 2768 3491 2 2 0 5
2768 3491 2 2768 3491 1 2 0 4
2767 3490 1 2767 3490 2 2 0 5
2767 3490 2 2767 3490 1 2 0 4
2749 3492 1 2749 3492 2 2 0 5
2749 3492 2 2749 3492 1 2 0 4
2748 3491 1 2748 3491 2 2 0 5
2748 3491 2 2748 3491 1 2 0 4
2749 3490 1 2749 3490 2 2 0 5
2749 3490 2 2749 3490 1 2 0 4
2750 3491 1 2750 3491 2 2 0 5
2750 3491 2 2750 3491 1 2 0 4
2596 3608 0 2598 3608 0 2 0 61
2598 3608 0 2596 3608 0 2 0 61
2522 3595 0 2522 3597 0 2 0 62
2522 3597 0 2522 3595 0 2 0 63
2522 3600 0 2522 3602 0 2 0 62
2522 3602 0 2522 3600 0 2 0 62
2518 3611 0 2516 3611 0 2 0 62
2516 3611 0 2518 3611 0 2 0 62
2514 3613 0 2514 3615 0 2 0 62
2514 3615 0 2514 3613 0 2 0 62
2514 3617 0 2514 3619 0 2 0 64
2514 3619 0 2514 3617 0 2 0 62
2508 3640 0 2505 3641 1 2 0 2
2508 3640 0 2505 3641 2 2 0 65
2505 3641 1 2506 3642 0 2 0 3
2505 3641 1 2505 3641 2 2 0 2
2505 3641 2 2506 3584 1 2 1 3
2505 3641 2 2506 3642 0 2 0 66
2510 3644 0 2518 9994 0 2 1 67
2518 9994 0 2510 3644 0 2 1 67
2515 10005 0 2515 10008 0 2 0 67
2515 10008 0 2515 10005 0 2 0 67
2516 10002 0 2516 10003 0 2 0 68
2513 10003 0 2513 10002 0 2 0 68
2569 3441 0 2569 3441 1 2 0 5
2569 3441 1 2569 3441 0 2 0 4
2570 3442 0 2570 3442 1 2 0 5
2570 3442 1 2570 3442 0 2 0 4
2571 3441 0 2571 3441 1 2 0 5
2571 3441 1 2571 3441 0 2 0 4
2570 3440 0 2570 3440 1 2 0 5
2570 3440 1 2570 3440 0 2 0 4
2570 3442 1 2569 3443 2 2 0 5
2569 3443 2 2569 3443 1 2 0 4
2569 3443 1 2569 3443 2 2 0 5
2570 3444 2 2570 3444 1 2 0 4
2570 3444 1 2569 3443 2 2 0 5
2570 3442 2 2570 3442 1 2 0 4
2571 3443 1 2569 3443 2 2 0 5
2571 3443 2 2571 3443 1 2 0 4
2568 3455 0 2568 3456 0 2 0 1
2568 3456 0 2568 3455 0 2 0 1
2567 3455 0 2567 3456 0 2 0 1
2567 3456 0 2567 3455 0 2 0 1
2555 3475 0 2554 3475 0 2 0 1
2554 3475 0 2555 3475 0 2 0 1
2555 3474 0 2554 3474 0 2 0 1
2554 3474 0 2555 3474 0 2 0 1
2518 3431 0 2518 3431 1 2 0 2
2518 3431 1 2519 3430 0 2 0 3
2519 3430 0 2518 3431 1 2 0 2
2519 3429 0 2518 3431 1 2 0 2
2518 3428 0 2518 3431 1 2 0 2
2517 3428 0 2518 3431 1 2 0 2
2517 3431 0 2518 3431 1 2 0 2
2516 3430 0 2518 3431 1 2 0 2
2516 3429 0 2518 3431 1 2 0 2
2517 3426 1 2516 3423 0 2 0 3
2516 3423 0 2517 3426 1 2 0 2
2512 3476 0 2527 3413 0 2 1 69
2510 3494 0 2512 3481 0 2 0 70
2511 3477 0 2527 3413 0 2 1 69
2510 3493 0 2512 3481 0 2 0 70
2511 3463 0 2527 3413 0 2 1 71
2512 3466 0 2527 3413 0 2 1 72
2511 3463 0 2575 9861 0 2 1 0
2575 9861 0 2511 3463 0 2 1 0
2568 9893 0 2568 9894 0 2 0 0
2568 9894 0 2568 9893 0 2 0 0
2566 9901 0 2604 9901 0 2 1 0
2604 9901 0 2566 9901 0 2 1 0
2557 9844 0 2557 3444 0 2 1 5
2533 3156 0 2533 9556 0 2 1 4
2534 3155 0 2534 9555 0 2 1 4
2532 3155 0 2532 9555 0 2 1 4
2533 9556 0 2533 3156 0 2 1 5
2533 3156 0 2597 4436 0 2 1 4
2532 3155 0 2596 4435 0 2 1 4
2534 3155 0 2598 4435 0 2 1 4
2597 4436 0 2533 3156 0 2 1 5
2596 4435 0 2533 3156 0 2 1 5
2598 4435 0 2533 3156 0 2 1 5
2597 4434 0 2533 3156 0 2 1 5
3555 4002 0 3549 10448 0 2 1 3
3549 10448 0 3555 4002 0 2 1 2
3554 4002 0 3549 10448 0 2 1 3
3550 10448 0 3555 4002 0 2 1 2
3549 10468 0 3549 10473 0 2 0 73
3549 10473 0 3549 10468 0 2 0 73
3550 10468 0 3550 10473 0 2 0 73
3550 10473 0 3550 10468 0 2 0 73
3551 10481 0 1568 5061 0 2 1 74
1570 5061 0 3549 10481 0 2 1 74
3550 10481 0 1568 5061 0 2 1 74
1569 5061 0 3549 10481 0 2 1 74
3549 10481 0 1568 5061 0 2 1 74
1568 5061 0 3549 10481 0 2 1 74
1567 5061 0 3549 10481 0 2 1 74
1566 5061 0 3549 10481 0 2 1 74
1565 5061 0 3549 10481 0 2 1 74
1573 5077 0 1575 5077 0 2 0 75
1575 5077 0 1573 5077 0 2 0 75
1573 5076 0 1575 5076 0 2 0 75
1575 5076 0 1573 5076 0 2 0 75
1573 5075 0 1575 5075 0 2 0 75
1575 5075 0 1573 5075 0 2 0 75
1573 5074 0 1575 5074 0 2 0 75
1575 5074 0 1573 5074 0 2 0 75
1573 5073 0 1575 5073 0 2 0 75
1575 5073 0 1573 5073 0 2 0 75
1573 5072 0 1575 5072 0 2 0 75
1575 5072 0 1573 5072 0 2 0 75
1584 5089 0 1584 5087 0 2 0 75
1584 5087 0 1584 5089 0 2 0 75
1585 5089 0 1585 5087 0 2 0 75
1585 5087 0 1585 5089 0 2 0 75
1586 5089 0 1586 5087 0 2 0 75
1586 5087 0 1586 5089 0 2 0 75
1587 5089 0 1587 5087 0 2 0 75
1587 5087 0 1587 5089 0 2 0 75
1588 5089 0 1588 5087 0 2 0 75
1588 5087 0 1588 5089 0 2 0 75
1589 5089 0 1589 5087 0 2 0 75
1589 5087 0 1589 5089 0 2 0 75
1546 5089 0 1546 5087 0 2 0 75
1546 5087 0 1546 5089 0 2 0 75
1547 5089 0 1547 5087 0 2 0 75
1547 5087 0 1547 5089 0 2 0 75
1548 5089 0 1548 5087 0 2 0 75
1548 5087 0 1548 5089 0 2 0 75
1549 5089 0 1549 5087 0 2 0 75
1549 5087 0 1549 5089 0 2 0 75
1550 5089 0 1550 5087 0 2 0 75
1550 5087 0 1550 5089 0 2 0 75
1551 5089 0 1551 5087 0 2 0 75
1551 5087 0 1551 5089 0 2 0 75
1560 5072 0 1562 5072 0 2 0 75
1562 5072 0 1560 5072 0 2 0 75
1560 5073 0 1562 5073 0 2 0 75
1562 5073 0 1560 5073 0 2 0 75
1560 5074 0 1562 5074 0 2 0 75
1562 5074 0 1560 5074 0 2 0 75
1560 5075 0 1562 5075 0 2 0 75
1562 5075 0 1560 5075 0 2 0 75
1560 5076 0 1562 5076 0 2 0 75
1562 5076 0 1560 5076 0 2 0 75
1560 5077 0 1562 5077 0 2 0 75
1562 5077 0 1560 5077 0 2 0 75
3554 4000 0 3554 4000 1 2 0 5
3554 4000 1 3554 4000 0 2 0 6
3555 4000 0 3554 4000 1 2 0 5
3555 4000 1 3554 4000 0 2 0 6
3556 4003 1 3561 4004 0 2 0 51
3561 4004 0 3556 4004 1 2 0 26
3556 4004 1 3561 4004 0 2 0 51
3561 4005 0 3556 4004 1 2 0 26
3556 4005 1 3561 4004 0 2 0 51
3561 4003 0 3556 4004 1 2 0 26
3595 10291 0 3680 3854 0 2 1 76
3680 3854 0 3595 10291 0 2 1 77
3596 10291 0 3680 3854 0 2 1 76
3603 10291 0 3607 10290 0 2 0 19
3607 10290 0 3603 10290 0 2 0 19
3603 10290 0 3607 10290 0 2 0 19
3607 10291 0 3603 10290 0 2 0 19
3606 10292 0 3603 10290 0 2 0 19
3605 10292 0 3603 10290 0 2 0 19
3606 10289 0 3603 10290 0 2 0 19
3605 10289 0 3603 10290 0 2 0 19
3680 3855 0 3595 10291 0 2 1 77
3680 3853 0 3595 10291 0 2 1 77
3666 3810 0 3685 3756 0 2 1 78
3666 3809 0 3685 3756 0 2 1 78
3663 3808 0 3685 3756 0 2 1 78
3664 3808 0 3685 3756 0 2 1 78
3665 3808 0 3685 3756 0 2 1 78
3768 3868 1 3768 3868 0 2 0 6
3768 3868 0 3768 3868 1 2 0 5
3767 3868 1 3768 3868 0 2 0 6
3767 3868 0 3768 3868 1 2 0 5
3766 3867 1 3768 3868 0 2 0 6
3769 3867 0 3768 3868 1 2 0 5
3766 3867 0 3768 3868 1 2 0 5
3766 3866 0 3768 3868 1 2 0 5
3767 3865 0 3768 3868 1 2 0 5
3757 3870 1 3753 3869 0 2 0 79
3753 3869 0 3757 3869 1 2 0 19
3757 3869 1 3753 3869 0 2 0 79
3753 3870 0 3757 3869 1 2 0 19
3757 3868 1 3753 3869 0 2 0 79
3753 3868 0 3757 3869 1 2 0 19
3746 3832 0 3745 3831 1 2 0 80
3745 3831 1 3747 3831 0 2 0 81
3747 3831 0 3745 3831 1 2 0 80
3746 3830 0 3745 3831 1 2 0 80
3730 3831 1 3728 3831 0 2 0 81
3728 3831 0 3730 3831 1 2 0 80
3729 3830 0 3730 3831 1 2 0 80
3729 3832 0 3730 3831 1 2 0 80
2956 3146 0 2956 3143 1 3 0 27
2956 3143 1 2956 3146 0 3 0 27
2960 3141 0 2960 3141 1 2 0 52
2960 3141 1 2960 3141 0 2 0 53
2956 3141 0 2956 3141 1 2 0 52
2956 3141 1 2956 3141 0 2 0 53
2952 3141 0 2952 3141 1 2 0 52
2952 3141 1 2952 3141 0 2 0 53
2962 3139 1 2964 3139 2 2 0 52
2964 3139 2 2962 3139 1 2 0 53
2962 3143 1 2964 3143 2 2 0 52
2964 3143 2 2962 3143 1 2 0 53
2954 3158 0 2957 3158 1 3 0 27
2957 3158 1 2954 3158 0 3 0 27
2763 3238 1 2760 3238 0 3 0 27
2760 3238 0 2763 3238 1 3 0 27
2772 3234 0 2775 3234 1 3 0 27
2775 3234 1 2772 3234 0 3 0 27
2776 3235 0 2776 3235 1 2 0 52
2776 3235 1 2776 3235 0 2 0 53
2777 3234 1 2776 3235 0 2 0 53
2775 3234 1 2776 3235 0 2 0 53
2690 9547 0 2682 9548 0 4 0 82
2695 9533 0 2697 9525 0 4 0 82
2855 3169 0 2855 9569 0 2 1 83
2855 9569 0 2856 3167 0 2 1 10
2856 3167 0 2856 9567 0 2 1 83
2856 9568 0 2856 3167 0 2 1 10
2855 3168 0 2855 9568 0 2 1 83
2856 9570 0 2856 3167 0 2 1 10
2857 3167 0 2857 9567 0 2 1 83
2857 9569 0 2856 3167 0 2 1 10
2858 3168 0 2858 9568 0 2 1 83
2858 3169 0 2858 9569 0 2 1 83
2857 3170 0 2857 9570 0 2 1 83
2856 3170 0 2856 9570 0 2 1 83
2862 9573 0 2480 5175 0 2 1 23
2480 5175 0 2862 9572 0 2 1 84
2862 9572 0 2480 5175 0 2 1 23
2481 5175 0 2862 9572 0 2 1 84
2862 9571 0 2480 5175 0 2 1 23
2479 5175 0 2862 9572 0 2 1 84
2863 9574 0 2480 5175 0 2 1 23
2863 9570 0 2480 5175 0 2 1 23
2864 9570 0 2480 5175 0 2 1 23
2865 9571 0 2480 5175 0 2 1 23
2865 9572 0 2480 5175 0 2 1 23
2709 3209 0 2704 3209 0 5 0 85
2705 3205 0 2709 3205 0 5 0 85
1824 3694 1 1824 3691 0 3 0 27
1824 3691 0 1824 3694 1 3 0 27
2515 3160 0 2515 3161 0 2 0 86
2515 3161 0 2515 3160 0 2 0 86
2516 3166 1 2516 3166 0 2 0 4
2516 3166 0 2516 3166 1 2 0 5
2515 3165 1 2515 3165 0 2 0 4
2517 3165 1 2517 3165 0 2 0 4
2521 3163 1 2521 3163 0 2 0 4
2521 3163 0 2521 3163 1 2 0 5
2526 3162 0 2526 3162 1 2 0 5
2525 3163 1 2525 3163 0 2 0 4
2526 3162 1 2526 3162 0 2 0 4
2525 3161 1 2525 3161 0 2 0 4
2526 3172 1 2526 3172 0 2 0 4
2526 3172 0 2526 3172 1 2 0 5
2525 3171 1 2525 3171 0 2 0 4
2504 3191 0 2515 3159 0 5 1 87
2515 3159 0 2504 3191 0 5 1 87
2449 3463 0 2449 3463 1 2 0 5
2449 3463 1 2449 3463 0 2 0 4
2443 3462 0 2443 3462 1 2 0 5
2443 3462 1 2443 3462 0 2 0 4
2444 3463 0 2444 3463 1 2 0 5
2444 3463 1 2444 3463 0 2 0 4
2443 3464 0 2443 3464 1 2 0 5
2443 3464 1 2443 3464 0 2 0 4
2442 3463 0 2442 3463 1 2 0 5
2442 3463 1 2442 3463 0 2 0 4
2438 3464 0 2438 3464 1 2 0 5
2438 3464 1 2438 3464 0 2 0 4
2437 3465 0 2437 3465 1 2 0 5
2437 3465 1 2437 3465 0 2 0 4
2436 3464 1 2436 3464 0 2 0 4
2436 3464 0 2436 3464 1 2 0 5
2437 3463 1 2437 3463 0 2 0 4
2437 3463 0 2437 3463 1 2 0 5
2423 3441 0 2423 3441 1 2 0 5
2423 3441 1 2423 3441 0 2 0 4
2424 3442 0 2424 3442 1 2 0 5
2424 3442 1 2424 3442 0 2 0 4
2423 3443 0 2423 3443 1 2 0 5
2423 3443 1 2423 3443 0 2 0 4
2422 3442 0 2422 3442 1 2 0 5
2422 3442 1 2422 3442 0 2 0 4
2422 3422 1 2422 3422 2 2 0 5
2422 3422 2 2422 3422 1 2 0 4
2423 3423 1 2423 3423 2 2 0 5
2423 3423 2 2423 3423 1 2 0 4
2424 3422 1 2424 3422 2 2 0 5
2424 3422 2 2424 3422 1 2 0 4
2416 3444 0 2415 3446 1 2 0 2
2415 3446 1 2416 3447 0 2 0 3
2416 3447 0 2415 3446 1 2 0 2
2417 3447 0 2415 3446 1 2 0 2
2418 3446 0 2415 3446 1 2 0 2
2418 3445 0 2415 3446 1 2 0 2
2417 3444 0 2415 3446 1 2 0 2
2415 3445 0 2415 3446 1 2 0 2
2403 3450 0 2400 3450 1 2 0 2
2400 3450 1 2401 3451 0 2 0 3
2401 3451 0 2400 3450 1 2 0 2
2402 3451 0 2400 3450 1 2 0 2
2400 3450 0 2400 3450 1 2 0 2
2403 3449 0 2400 3450 1 2 0 2
2402 3448 0 2400 3450 1 2 0 2
2401 3448 0 2400 3450 1 2 0 2
2408 3436 0 2408 3436 1 2 0 5
2408 3436 1 2408 3436 0 2 0 4
2409 3435 0 2409 3435 1 2 0 5
2409 3435 1 2409 3435 0 2 0 4
2408 3434 0 2408 3434 1 2 0 5
2408 3434 1 2408 3434 0 2 0 4
2407 3435 0 2407 3435 1 2 0 5
2407 3435 1 2407 3435 0 2 0 4
2418 3416 1 2417 3417 0 2 0 3
2417 3417 0 2418 3416 1 2 0 2
2417 3418 0 2418 3416 1 2 0 2
2418 3419 0 2418 3416 1 2 0 2
2419 3419 0 2418 3416 1 2 0 2
2418 3416 0 2418 3416 1 2 0 2
2420 3417 0 2418 3416 1 2 0 2
2420 3418 0 2418 3416 1 2 0 2
2443 3415 0 2445 3416 1 2 0 2
2445 3416 1 2446 3415 0 2 0 3
2446 3415 0 2445 3416 1 2 0 2
2446 3414 0 2445 3416 1 2 0 2
2445 3413 0 2445 3416 1 2 0 2
2444 3413 0 2445 3416 1 2 0 2
2443 3414 0 2445 3416 1 2 0 2
2445 3416 0 2445 3416 1 2 0 2
2444 3416 0 2445 3416 1 2 0 2
2445 3433 1 2444 3434 0 2 0 3
2444 3434 0 2445 3433 1 2 0 2
2444 3435 0 2445 3433 1 2 0 2
2445 3436 0 2445 3433 1 2 0 2
2446 3436 0 2445 3433 1 2 0 2
2447 3435 0 2445 3433 1 2 0 2
2447 3434 0 2445 3433 1 2 0 2
2445 3433 0 2445 3433 1 2 0 2
2446 3433 0 2445 3433 1 2 0 2
2442 3405 0 2440 3403 1 2 0 2
2440 3403 1 2439 3404 0 2 0 3
2439 3404 0 2440 3403 1 2 0 2
2439 3405 0 2440 3403 1 2 0 2
2440 3406 0 2440 3403 1 2 0 2
2441 3406 0 2440 3403 1 2 0 2
2440 3403 0 2440 3403 1 2 0 2
2442 3404 0 2440 3403 1 2 0 2
2461 3415 0 2460 3417 1 2 0 2
2460 3417 1 2461 3418 0 2 0 3
2461 3418 0 2460 3417 1 2 0 2
2462 3418 0 2460 3417 1 2 0 2
2463 3417 0 2460 3417 1 2 0 2
2463 3416 0 2460 3417 1 2 0 2
2462 3415 0 2460 3417 1 2 0 2
2460 3417 0 2460 3417 1 2 0 2
2460 3416 0 2460 3417 1 2 0 2
2457 3417 1 2456 3416 0 2 0 3
2456 3416 0 2457 3417 1 2 0 2
2455 3416 0 2457 3417 1 2 0 2
2457 3418 0 2457 3417 1 2 0 2
2457 3417 0 2457 3417 1 2 0 2
2456 3419 0 2457 3417 1 2 0 2
2455 3419 0 2457 3417 1 2 0 2
2477 3400 0 2475 3399 1 2 0 2
2475 3399 1 2474 3400 0 2 0 3
2474 3400 0 2475 3399 1 2 0 2
2474 3401 0 2475 3399 1 2 0 2
2475 3402 0 2475 3399 1 2 0 2
2475 3399 0 2475 3399 1 2 0 2
2477 3401 0 2475 3399 1 2 0 2
2476 3402 0 2475 3399 1 2 0 2
2378 3490 0 2378 3489 1 2 0 2
2378 3489 1 2377 3488 0 2 0 3
2377 3488 0 2378 3489 1 2 0 2
2378 3489 0 2378 3489 1 2 0 2
2377 3491 0 2378 3489 1 2 0 2
2376 3491 0 2378 3489 1 2 0 2
2375 3490 0 2378 3489 1 2 0 2
2375 3489 0 2378 3489 1 2 0 2
2384 3505 0 2384 3505 1 2 0 2
2384 3505 1 2383 3506 0 2 0 3
2383 3506 0 2384 3505 1 2 0 2
2383 3507 0 2384 3505 1 2 0 2
2384 3508 0 2384 3505 1 2 0 2
2385 3508 0 2384 3505 1 2 0 2
2386 3507 0 2384 3505 1 2 0 2
2386 3506 0 2384 3505 1 2 0 2
2385 3505 0 2384 3505 1 2 0 2
2388 3513 0 2388 3513 1 2 0 2
2388 3513 1 2389 3514 0 2 0 3
2389 3514 0 2388 3513 1 2 0 2
2390 3514 0 2388 3513 1 2 0 2
2391 3512 0 2388 3513 1 2 0 2
2390 3511 0 2388 3513 1 2 0 2
2389 3511 0 2388 3513 1 2 0 2
2388 3512 0 2388 3513 1 2 0 2
2397 3512 0 2397 3513 1 2 0 2
2397 3513 1 2398 3514 0 2 0 3
2398 3514 0 2397 3513 1 2 0 2
2399 3514 0 2397 3513 1 2 0 2
2397 3513 0 2397 3513 1 2 0 2
2398 3511 0 2397 3513 1 2 0 2
2399 3511 0 2397 3513 1 2 0 2
2400 3512 0 2397 3513 1 2 0 2
2414 3490 0 2412 3489 1 2 0 2
2413 3490 0 2412 3489 1 2 0 2
2412 3489 1 2413 3490 0 2 0 3
2412 3489 0 2412 3489 1 2 0 2
2412 3488 0 2412 3489 1 2 0 2
2413 3487 0 2412 3489 1 2 0 2
2414 3487 0 2412 3489 1 2 0 2
2415 3489 0 2412 3489 1 2 0 2
2415 3488 0 2412 3489 1 2 0 2
2416 3491 0 2418 3492 1 2 0 2
2418 3492 1 2419 3491 0 2 0 3
2419 3491 0 2418 3492 1 2 0 2
2419 3490 0 2418 3492 1 2 0 2
2417 3492 0 2418 3492 1 2 0 2
2417 3489 0 2418 3492 1 2 0 2
2416 3490 0 2418 3492 1 2 0 2
2422 3472 0 2421 3473 1 2 0 2
2421 3473 1 2422 3472 0 2 0 3
2422 3471 0 2421 3473 1 2 0 2
2421 3470 0 2421 3473 1 2 0 2
2421 3473 0 2421 3473 1 2 0 2
2420 3473 0 2421 3473 1 2 0 2
2419 3472 0 2421 3473 1 2 0 2
2419 3471 0 2421 3473 1 2 0 2
2420 3470 0 2421 3473 1 2 0 2
2395 3473 0 2396 3476 1 2 0 2
2396 3476 1 2397 3475 0 2 0 3
2397 3475 0 2396 3476 1 2 0 2
2397 3474 0 2396 3476 1 2 0 2
2396 3473 0 2396 3476 1 2 0 2
2396 3476 0 2396 3476 1 2 0 2
2395 3476 0 2396 3476 1 2 0 2
2394 3475 0 2396 3476 1 2 0 2
2394 3474 0 2396 3476 1 2 0 2
2396 3503 0 2396 3500 1 2 0 2
2396 3500 1 2395 3501 0 2 0 3
2395 3501 0 2396 3500 1 2 0 2
2395 3502 0 2396 3500 1 2 0 2
2397 3500 0 2396 3500 1 2 0 2
2397 3503 0 2396 3500 1 2 0 2
2398 3502 0 2396 3500 1 2 0 2
2398 3501 0 2396 3500 1 2 0 2
2477 3463 0 2477 3463 1 2 0 5
2477 3463 1 2477 3463 0 2 0 4
2476 3464 0 2476 3464 1 2 0 5
2476 3464 1 2476 3464 0 2 0 4
2475 3463 0 2475 3463 1 2 0 5
2475 3463 1 2475 3463 0 2 0 4
2476 3462 0 2476 3462 1 2 0 5
2476 3462 1 2476 3462 0 2 0 4
2481 3409 0 2479 3407 1 2 0 2
2479 3407 1 2478 3408 0 2 0 3
2478 3408 0 2479 3407 1 2 0 2
2478 3409 0 2479 3407 1 2 0 2
2479 3410 0 2479 3407 1 2 0 2
2480 3410 0 2479 3407 1 2 0 2
2479 3407 0 2479 3407 1 2 0 2
2480 3407 0 2479 3407 1 2 0 2
2481 3408 0 2479 3407 1 2 0 2
2487 3407 0 2489 3409 1 2 0 2
2489 3409 1 2490 3408 0 2 0 3
2490 3408 0 2489 3409 1 2 0 2
2490 3407 0 2489 3409 1 2 0 2
2489 3406 0 2489 3409 1 2 0 2
2488 3406 0 2489 3409 1 2 0 2
2488 3409 0 2489 3409 1 2 0 2
2486 3401 0 2485 3401 1 2 0 2
2485 3401 1 2484 3402 0 2 0 3
2484 3402 0 2485 3401 1 2 0 2
2484 3403 0 2485 3401 1 2 0 2
2485 3404 0 2485 3401 1 2 0 2
2485 3401 0 2485 3401 1 2 0 2
2487 3402 0 2485 3401 1 2 0 2
2487 3403 0 2485 3401 1 2 0 2
2486 3404 0 2485 3401 1 2 0 2
2461 3385 0 2461 3382 0 2 0 1
2461 3382 0 2461 3385 0 2 0 1
2462 3385 0 2461 3382 0 2 0 1
2460 3382 0 2461 3385 0 2 0 1
2460 3385 0 2461 3382 0 2 0 1
2462 3382 0 2461 3385 0 2 0 1
2465 3491 0 2465 3493 0 2 0 88
2465 3493 0 2465 3491 0 2 0 88
2466 3491 0 2466 3493 0 2 0 88
2466 3493 0 2466 3491 0 2 0 88
2467 3493 0 2466 3491 0 2 0 88
2467 3491 0 2466 3493 0 2 0 88
2464 3493 0 2465 3491 0 2 0 88
2464 3491 0 2465 3493 0 2 0 88
2466 3494 0 2466 3494 1 2 0 5
2466 3494 1 2466 3494 0 2 0 4
2465 3495 0 2465 3495 1 2 0 5
2465 3495 1 2465 3495 0 2 0 4
2466 3496 0 2466 3496 1 2 0 5
2466 3496 1 2466 3496 0 2 0 4
2467 3495 0 2467 3495 1 2 0 5
2467 3495 1 2467 3495 0 2 0 4
2467 3495 1 2467 3495 2 2 0 5
2467 3495 2 2467 3495 3 2 0 5
2467 3495 3 2467 3495 2 2 0 4
2467 3495 2 2467 3495 1 2 0 4
2466 3496 1 2466 3496 2 2 0 5
2466 3496 2 2466 3496 1 2 0 4
2465 3495 1 2465 3495 2 2 0 5
2465 3495 2 2465 3495 1 2 0 4
2466 3494 1 2466 3494 2 2 0 5
2466 3494 2 2466 3494 1 2 0 4
2466 3494 2 2466 3494 3 2 0 5
2466 3494 3 2466 3494 2 2 0 4
2465 3495 2 2465 3495 3 2 0 5
2465 3495 3 2465 3495 2 2 0 4
2466 3496 2 2466 3496 3 2 0 5
2466 3496 3 2466 3496 2 2 0 4
2464 3497 0 2464 9897 0 2 1 89
2464 9897 0 2464 3497 0 2 1 5
2467 9903 0 2467 9905 0 2 0 90
2467 9905 0 2467 9903 0 2 0 90
2468 9903 0 2468 9905 0 2 0 90
2468 9905 0 2468 9903 0 2 0 90
2430 3424 0 2429 9824 0 2 1 91
2429 9824 0 2430 3424 0 2 1 92
2429 9825 0 2430 3424 0 2 1 92
2435 9807 0 2429 9807 0 2 0 11
2435 9806 0 2429 9806 0 2 0 11
2402 3420 0 2409 9812 0 2 1 23
2409 9812 0 2402 3419 0 2 1 93
2402 3419 0 2409 9812 0 2 1 23
2402 3418 0 2409 9812 0 2 1 23
2403 3421 0 2409 9812 0 2 1 23
2408 9812 0 2402 3419 0 2 1 93
2403 3417 0 2409 9812 0 2 1 23
2405 3420 0 2409 9812 0 2 1 23
2405 3419 0 2409 9812 0 2 1 23
2405 3418 0 2409 9812 0 2 1 23
3309 3452 0 3297 9824 0 2 1 94
3297 9824 0 3312 3450 0 2 1 95
3298 9823 0 3312 3450 0 2 1 95
3296 9823 0 3312 3450 0 2 1 95
3297 9822 0 3312 3450 0 2 1 95
2484 3463 1 2486 3465 2 2 0 96
2485 3465 2 2484 3463 1 2 0 97
1504 3396 1 1504 3399 0 3 0 27
1504 3399 0 1504 3396 1 3 0 27
1512 3416 0 1512 3416 1 2 0 5
1512 3416 1 1512 3416 0 2 0 4
1483 3549 0 1483 9951 3 2 1 98
1483 9951 3 1483 3549 0 2 1 5
1561 3596 0 1561 3592 1 2 0 19
1561 3592 1 1561 3596 0 2 0 19
1562 3596 0 1562 3592 1 2 0 19
1562 3592 1 1562 3596 0 2 0 19
1579 3590 0 1579 3586 1 2 0 19
1579 3586 1 1579 3590 0 2 0 19
1580 3590 0 1580 3586 1 2 0 19
1580 3586 1 1580 3590 0 2 0 19
1509 3595 0 1509 3593 1 2 0 5
1509 3593 1 1509 3590 0 2 0 4
1511 3592 1 1507 3592 2 2 0 19
1507 3592 2 1511 3592 1 2 0 19
1496 3571 0 1496 3571 1 2 0 5
1496 3571 1 1496 3571 0 2 0 4
1519 3592 0 1519 3592 1 2 0 5
1519 3592 1 1519 3592 0 2 0 4
1539 3581 0 1539 3581 1 2 0 5
1539 3581 1 1539 3581 0 2 0 4
1524 3563 0 1520 3563 1 2 0 19
1520 3563 1 1524 3563 0 2 0 19
1527 3563 0 1523 3563 1 2 0 19
1523 3563 1 1527 3563 0 2 0 19
1524 3543 0 1528 3543 1 2 0 19
1528 3543 1 1524 3543 0 2 0 19
1539 3547 0 1539 3547 1 2 0 5
1539 3547 1 1539 3547 0 2 0 4
1539 3556 0 1539 3556 1 2 0 5
1539 3556 1 1539 3556 0 2 0 4
1543 3570 0 1543 3570 1 2 0 5
1543 3570 1 1543 3570 0 2 0 4
1552 3567 0 1552 3567 1 2 0 2
1552 3567 1 1552 3567 0 2 0 3
1552 3560 1 1552 3560 2 2 0 2
1552 3560 2 1552 3560 1 2 0 3
1565 3570 0 1565 3570 1 2 0 5
1565 3570 1 1565 3570 0 2 0 4
1567 3557 0 1571 3557 1 2 0 2
1571 3557 1 1567 3557 0 2 0 3
1567 3557 1 1563 3557 2 2 0 2
1563 3557 2 1567 3557 1 2 0 3
1568 3545 0 1568 3545 1 2 0 5
1568 3545 1 1568 3545 0 2 0 4
3649 3220 0 3631 3219 0 2 0 99
3631 3219 0 3649 3219 0 2 0 99
3649 3219 0 3631 3219 0 2 0 99
3631 3220 0 3649 3219 0 2 0 99
3649 3218 0 3631 3219 0 2 0 99
3631 3218 0 3649 3219 0 2 0 99
3632 3205 0 3632 3202 1 2 0 100
3632 3202 1 3632 3205 0 2 0 101
3604 3202 0 3602 3202 1 2 0 5
3602 3202 1 3604 3202 0 2 0 4
3588 3180 0 3592 3180 0 2 0 102
3592 3180 0 3588 3180 0 2 0 102
3589 3179 0 3592 3180 0 2 0 102
3590 3173 1 3588 3173 0 2 0 103
3588 3173 0 3590 3173 1 2 0 104
3589 3174 1 3588 3173 0 2 0 103
3589 3174 0 3590 3173 1 2 0 104
3589 3173 1 3588 3173 0 2 0 103
3588 3173 1 3588 3173 0 2 0 103
3589 3173 0 3590 3173 1 2 0 104
3588 3211 0 3588 3209 1 2 0 5
3588 3209 1 3588 3211 0 2 0 4
3589 3214 0 3589 3215 0 2 0 105
3589 3215 0 3589 3214 0 2 0 105
3592 3230 0 3594 3230 1 2 0 5
3594 3230 1 3592 3230 0 2 0 4
3588 3250 1 3588 3252 2 2 0 5
3588 3252 2 3588 3250 1 2 0 4
3588 3258 2 3588 3260 1 2 0 4
3588 3260 1 3588 3258 2 2 0 5
3595 3310 1 3595 3312 0 2 0 106
3595 3312 0 3595 3310 1 2 0 107
3601 3163 1 3605 3163 1 2 0 108
3605 3163 1 3601 3163 1 2 0 109
3605 3161 1 3605 3163 1 2 0 110
3595 3203 0 3595 3205 1 2 0 5
3595 3205 1 3595 3203 0 2 0 4
3598 3203 1 3598 3201 1 2 0 111
3598 3201 1 3598 3203 1 2 0 111
3599 3200 1 3601 3200 1 2 0 111
3601 3200 1 3599 3200 1 2 0 111
3605 3203 1 3605 3206 1 2 0 112
3605 3206 1 3605 3203 1 2 0 112
3606 3207 1 3606 3208 1 2 0 113
3606 3208 1 3606 3207 1 2 0 113
3604 3214 1 3601 3214 1 2 0 112
3601 3214 1 3604 3214 1 2 0 112
3601 3216 1 3601 3214 0 2 0 4
3601 3214 0 3601 3216 1 2 0 5
3598 3215 0 3598 3220 0 2 0 114
3598 3220 0 3598 3215 0 2 0 115
3597 3219 0 3598 3215 0 2 0 115
3594 3223 0 3595 3223 1 2 0 116
3595 3223 1 3594 3223 0 2 0 117
3596 3223 1 3597 3223 1 2 0 113
3597 3223 1 3596 3223 1 2 0 113
3598 3222 1 3601 3222 1 2 0 111
3601 3222 1 3598 3222 1 2 0 111
3603 3223 1 3603 3221 0 2 0 4
3603 3221 0 3603 3223 1 2 0 5
3608 3221 0 3609 3221 0 2 0 0
3609 3221 0 3608 3221 0 2 0 0
3619 3219 0 3617 3219 1 2 0 5
3617 3219 1 3619 3219 0 2 0 4
3615 3218 1 3615 3216 1 2 0 111
3615 3216 1 3615 3218 1 2 0 111
3615 3210 1 3614 3210 2 2 0 116
3614 3210 2 3615 3210 1 2 0 117
3610 3211 2 3610 3209 3 2 0 5
3610 3209 3 3610 3211 2 2 0 4
3613 3208 3 3613 3205 3 2 0 111
3613 3205 3 3613 3208 3 2 0 111
3613 3203 3 3611 3203 2 2 0 4
3611 3203 2 3613 3203 3 2 0 5
3612 3201 2 3610 3201 1 2 0 4
3610 3201 1 3612 3201 2 2 0 5
3611 3199 1 3611 3201 0 2 0 4
3611 3201 0 3611 3199 1 2 0 5
3616 3202 2 3622 3202 2 2 0 118
3622 3202 2 3616 3202 2 2 0 118
3625 3202 2 3625 3204 1 2 0 4
3625 3204 1 3625 3202 2 2 0 5
3623 3207 1 3623 3210 1 2 0 112
3623 3210 1 3623 3207 1 2 0 112
3623 3217 1 3623 3218 2 2 0 116
3623 3218 2 3623 3217 1 2 0 117
3623 3218 0 3621 3218 1 2 0 5
3621 3218 1 3623 3218 0 2 0 4
3625 3223 0 3625 3224 0 2 0 0
3625 3224 0 3625 3223 0 2 0 0
3625 3221 2 3626 3221 1 2 0 117
3626 3221 1 3625 3221 2 2 0 116
3623 3223 1 3623 3226 1 2 0 111
3623 3226 1 3623 3223 1 2 0 111
3622 3230 1 3622 3232 1 2 0 111
3622 3232 1 3622 3230 1 2 0 111
3624 3240 1 3626 3240 1 2 0 111
3626 3240 1 3624 3240 1 2 0 111
3631 3239 2 3629 3239 1 2 0 4
3629 3239 1 3631 3239 2 2 0 5
3628 3240 1 3630 3240 0 2 0 4
3630 3240 0 3628 3240 1 2 0 5
3625 3251 0 3627 3251 1 2 0 5
3627 3251 1 3625 3251 0 2 0 4
3632 3258 0 3630 3258 1 2 0 5
3630 3258 1 3632 3258 0 2 0 4
3633 3256 1 3636 3256 1 2 0 111
3636 3256 1 3633 3256 1 2 0 111
3639 3255 1 3639 3258 0 2 0 101
3639 3258 0 3639 3255 1 2 0 100
3640 3253 0 3640 3252 0 2 0 37
3640 3252 0 3640 3253 0 2 0 37
3627 3269 0 3624 3269 1 2 0 100
3624 3269 1 3627 3269 0 2 0 101
3632 3270 1 3629 3270 0 2 0 101
3629 3270 0 3632 3270 1 2 0 100
3631 3274 1 3633 3274 2 2 0 5
3633 3274 2 3631 3274 1 2 0 4
3613 3279 0 3615 3279 1 2 0 5
3615 3279 1 3613 3279 0 2 0 4
3598 3278 0 3598 3281 1 2 0 100
3598 3281 1 3598 3278 0 2 0 101
3593 9674 0 3593 3272 0 2 1 26
3593 3272 0 3593 9674 0 2 1 51
3596 9679 0 3596 9680 0 2 0 0
3596 9680 0 3596 9679 0 2 0 0
3606 3291 0 3606 3293 1 2 0 5
3606 3293 1 3606 3291 0 2 0 4
3607 3291 1 3609 3291 2 2 0 5
3609 3291 2 3607 3291 1 2 0 4
3615 3299 0 3613 3299 1 2 0 5
3613 3299 1 3615 3299 0 2 0 4
3638 3304 0 3638 3305 0 2 0 119
3638 3305 0 3638 3304 0 2 0 119
3642 3307 0 3641 3307 0 2 0 0
3641 3307 0 3642 3307 0 2 0 0
3637 9695 0 3643 3306 0 2 1 2
3643 3306 0 3637 9695 0 2 1 3
3629 9681 0 3629 9680 0 2 0 0
3629 9680 0 3629 9681 0 2 0 0
3630 9681 0 3630 9680 0 2 0 0
3630 9680 0 3630 9681 0 2 0 0
3513 9811 0 3492 9862 0 2 1 91
3492 9862 0 3513 9811 0 2 1 23
3491 9876 0 3483 9832 0 2 1 23
3483 9832 0 3491 9876 0 2 1 23
3626 3293 0 3626 3291 1 2 0 5
3626 3291 1 3626 3293 0 2 0 4
3621 3317 0 3619 3317 1 2 0 5
3619 3317 1 3621 3317 0 2 0 4
3627 3328 0 3627 3332 0 2 0 120
3627 3332 0 3627 3328 0 2 0 120
3696 9764 2 3633 3339 0 2 1 2
3633 3339 0 3696 9764 2 2 1 3
3697 9764 2 3633 3339 0 2 1 2
3633 3340 0 3696 9764 2 2 1 3
3654 3384 0 2400 5969 0 2 1 121
2400 5969 0 3654 3384 0 2 1 26
2399 5969 0 3654 3384 0 2 1 26
2401 5969 0 3654 3384 0 2 1 26
3614 3362 0 3615 3361 0 2 0 7
3615 3361 0 3614 3361 0 2 0 7
3614 3361 0 3615 3361 0 2 0 7
3615 3362 0 3614 3361 0 2 0 7
3613 3338 0 3613 3342 1 2 0 2
3613 3342 1 3613 3338 0 2 0 3
3599 3317 0 3603 3317 1 2 0 2
3603 3317 1 3599 3317 0 2 0 3
3480 9837 0 3480 9836 0 2 0 122
3480 9836 0 3480 9837 0 2 0 122
3500 9811 0 3509 3449 0 2 1 123
3509 3449 0 3500 9811 0 2 1 123
3501 9811 0 3509 3449 0 2 1 123
3510 3449 0 3500 9811 0 2 1 123
3481 9824 0 3466 9820 0 2 0 23
3466 9820 0 3481 9824 0 2 0 23
3460 9813 0 3447 9822 0 2 0 23
3447 9822 0 3460 9813 0 2 0 23
3475 9806 0 3488 9815 0 2 0 23
3488 9815 0 3475 9806 0 2 0 23
3492 9809 0 3477 9799 0 2 0 23
3477 9799 0 3492 9809 0 2 0 23
3492 9824 0 3505 9832 0 2 0 23
3505 9832 0 3492 9824 0 2 0 23
3703 3335 0 3700 3334 1 2 0 26
3700 3335 1 3703 3334 0 2 0 51
3703 3336 0 3700 3334 1 2 0 26
3703 3334 0 3700 3334 1 2 0 26
3720 3307 0 3732 9683 0 2 1 6
3732 9683 0 3720 3307 0 2 1 5
3727 3302 0 3738 9703 1 2 1 51
3738 9703 1 3728 3302 0 2 1 26
3728 3302 0 3738 9703 1 2 1 51
3739 9703 1 3728 3302 0 2 1 26
3729 3302 0 3738 9703 1 2 1 51
3735 3319 1 3736 3318 0 2 0 3
3736 3318 0 3735 3319 1 2 0 2
3736 3316 1 3736 3316 2 2 0 5
3736 3316 2 3736 3316 1 2 0 4
3741 3318 1 3742 3319 0 2 0 3
3742 3319 0 3741 3318 1 2 0 2
3741 3316 2 3741 3316 3 2 0 5
3741 3316 3 3741 3316 2 2 0 4
3745 3334 0 3745 3337 1 2 0 26
3746 3334 0 3745 3337 1 2 0 26
3747 3334 0 3745 3337 1 2 0 26
3746 3337 1 3745 3334 0 2 0 51
3728 9752 1 3728 9753 1 2 0 1
3728 9753 1 3728 9752 1 2 0 1
3727 9756 1 3725 3356 0 2 1 5
3725 3356 0 3727 9756 1 2 1 6
3725 3352 0 3725 3356 1 2 0 2
3725 3356 1 3725 3352 0 2 0 3
3726 3352 0 3726 3356 1 2 0 2
3726 3356 1 3726 3352 0 2 0 3
3728 9765 1 3728 9766 1 2 0 1
3728 9766 1 3728 9765 1 2 0 1
3728 9775 1 3728 9776 1 2 0 1
3728 9776 1 3728 9775 1 2 0 1
3737 9780 1 3738 9780 1 2 0 1
3738 9780 1 3737 9780 1 2 0 1
3746 9780 1 3747 9780 1 2 0 1
3747 9780 1 3746 9780 1 2 0 1
3788 9778 1 3792 9778 2 2 0 26
3792 9778 2 3788 9778 1 2 0 51
3788 9777 1 3792 9777 2 2 0 26
3792 9777 2 3788 9777 1 2 0 51
3824 9777 2 3828 9777 1 2 0 51
3828 9777 1 3824 9777 2 2 0 26
3828 9778 1 3824 9778 2 2 0 26
3824 9778 2 3828 9778 1 2 0 51
3807 9797 2 3807 9801 1 2 0 51
3807 9801 1 3807 9797 2 2 0 26
3808 9797 2 3808 9801 1 2 0 51
3808 9801 1 3808 9797 2 2 0 26
3809 9797 2 3809 9801 1 2 0 51
3809 9801 1 3809 9797 2 2 0 26
3672 3376 0 3670 3375 0 2 0 124
3672 3374 0 3670 3375 0 2 0 124
3666 3517 0 3666 3522 1 2 0 2
3666 3522 1 3666 3517 0 2 0 3
3667 3517 0 3667 3522 1 2 0 2
3667 3522 1 3667 3517 0 2 0 3
3669 9888 3 3654 3519 0 2 1 5
3654 3519 0 3669 9888 3 2 1 6
3653 3520 0 3669 9888 3 2 1 6
3653 3518 0 3669 9888 3 2 1 6
3652 3519 0 3669 9888 3 2 1 6
3671 9889 2 3675 9888 1 2 0 51
3675 9888 1 3671 9886 2 2 0 26
3671 9887 2 3675 9888 1 2 0 51
3675 9889 1 3671 9886 2 2 0 26
3671 9888 2 3675 9888 1 2 0 51
3675 9887 1 3671 9886 2 2 0 26
3674 9890 1 3671 9886 2 2 0 26
3672 9886 2 3675 9888 1 2 0 51
3673 9890 1 3671 9886 2 2 0 26
3674 9886 1 3671 9886 2 2 0 26
3673 9886 1 3671 9886 2 2 0 26
3687 9889 1 3683 9888 0 2 0 51
3683 9889 0 3687 9887 1 2 0 26
3687 9887 1 3683 9888 0 2 0 51
3683 9888 0 3687 9887 1 2 0 26
3687 9888 1 3683 9888 0 2 0 51
3683 9887 0 3687 9887 1 2 0 26
3686 9886 1 3683 9888 0 2 0 51
3686 9890 1 3683 9888 0 2 0 51
3689 9890 2 3692 9887 3 2 0 26
3688 9889 2 3692 9887 3 2 0 26
3688 9888 2 3692 9887 3 2 0 26
3688 9887 2 3692 9887 3 2 0 26
3690 9890 3 3688 9888 2 2 0 51
3691 9890 3 3688 9888 2 2 0 51
3692 9889 3 3688 9888 2 2 0 51
3692 9888 3 3688 9888 2 2 0 51
3692 9887 3 3688 9888 2 2 0 51
3691 9886 3 3688 9888 2 2 0 51
3690 9886 3 3688 9888 2 2 0 51
3659 3509 0 3659 3507 0 2 0 125
3660 3509 0 3660 3507 0 2 0 125
3659 3507 0 3659 3509 0 2 0 125
3660 3507 0 3660 3509 0 2 0 125
3651 3486 0 3653 3486 0 2 0 125
3651 3485 0 3653 3485 0 2 0 125
3653 3486 0 3651 3486 0 2 0 125
3653 3485 0 3651 3485 0 2 0 125
3669 3452 0 3669 3454 0 2 0 125
3670 3452 0 3670 3454 0 2 0 125
3669 3454 0 3669 3452 0 2 0 125
3670 3454 0 3670 3452 0 2 0 125
3702 3503 0 3705 3503 1 2 0 27
3705 3503 1 3702 3503 0 2 0 27
3709 3496 0 3712 3496 0 2 0 27
3712 3496 0 3709 3496 0 2 0 27
3714 3503 0 3714 3503 1 2 0 52
3714 3503 1 3714 3503 0 2 0 53
3614 3541 1 3616 3541 2 2 0 52
3616 3541 2 3614 3541 1 2 0 53
3610 3543 0 3608 3543 1 2 0 52
3608 3543 1 3610 3543 0 2 0 53
3614 3543 1 3612 3543 0 2 0 53
3612 3543 0 3614 3543 1 2 0 52
3605 3545 1 3605 3548 0 3 0 27
3605 3548 0 3605 3545 1 3 0 27
3604 3550 0 3602 3550 0 2 0 126
3602 3550 0 3604 3550 0 2 0 126
3599 3552 0 3597 3552 0 2 0 126
3597 3552 0 3599 3552 0 2 0 126
3595 3554 0 3595 3556 0 2 0 126
3595 3556 0 3595 3554 0 2 0 126
3597 3559 0 3597 3561 0 2 0 126
3597 3561 0 3597 3559 0 2 0 126
3599 3564 0 3601 3564 0 2 0 126
3601 3564 0 3599 3564 0 2 0 126
3578 3526 0 3577 9927 0 2 1 127
3577 9927 0 3578 3526 0 2 1 5
3504 9969 0 3504 3569 0 2 1 5
3504 3571 0 3504 9969 0 2 1 127
3559 3550 0 3559 3554 1 2 0 2
3559 3554 1 3559 3549 0 2 0 3
3560 3550 0 3559 3554 1 2 0 2
3560 3554 1 3559 3549 0 2 0 3
3538 3554 1 3537 3549 0 2 0 3
3537 3550 0 3537 3554 1 2 0 2
3537 3554 1 3537 3549 0 2 0 3
3538 3550 0 3537 3554 1 2 0 2
3540 3543 0 3540 3543 1 2 0 5
3540 3543 1 3540 3543 0 2 0 4
3539 3544 0 3539 3544 1 2 0 5
3539 3544 1 3539 3544 0 2 0 4
3539 3542 0 3539 3542 1 2 0 5
3539 3542 1 3539 3542 0 2 0 4
3538 3543 1 3538 3543 0 2 0 4
3538 3543 0 3538 3543 1 2 0 5
3548 3565 0 3547 3565 0 2 0 0
3547 3565 0 3548 3565 0 2 0 0
3548 3551 1 3548 3552 1 2 0 0
3548 3552 1 3548 3551 1 2 0 0
3548 3553 1 3548 3553 2 2 0 5
3548 3553 2 3548 3553 1 2 0 4
3547 3554 1 3547 3554 2 2 0 5
3547 3554 2 3547 3554 1 2 0 4
3548 3555 1 3548 3555 2 2 0 5
3548 3555 2 3548 3555 1 2 0 4
3549 3554 1 3549 3554 2 2 0 5
3549 3554 2 3549 3554 1 2 0 4
3549 3543 1 3549 3542 1 2 0 0
3549 3542 1 3549 3543 1 2 0 0
3548 3543 1 3548 3542 1 2 0 0
3548 3542 1 3548 3543 1 2 0 0
3548 3540 1 3548 3540 2 2 0 5
3548 3540 2 3548 3540 1 2 0 4
3549 3539 1 3549 3539 2 2 0 5
3549 3539 2 3549 3539 1 2 0 4
3548 3538 1 3548 3538 2 2 0 5
3548 3538 2 3548 3538 1 2 0 4
3547 3539 1 3547 3539 2 2 0 5
3547 3539 2 3547 3539 1 2 0 4
3417 3536 0 3412 9932 3 2 1 4
3412 9932 3 3417 3536 0 2 1 5
3427 3555 1 3427 3556 1 2 0 0
3427 3556 1 3427 3555 1 2 0 0
3426 3555 1 3426 3556 1 2 0 0
3426 3556 1 3426 3555 1 2 0 0
3433 3538 1 3438 3537 0 2 0 3
3438 3537 0 3433 3537 1 2 0 2
3433 3537 1 3438 3537 0 2 0 3
3438 3538 0 3433 3537 1 2 0 2
3417 3540 2 3412 3540 1 2 0 3
3412 3540 1 3417 3540 2 2 0 2
3417 3541 2 3412 3540 1 2 0 3
3412 3541 1 3417 3540 2 2 0 2
3057 3484 0 3057 3484 1 2 0 5
3056 3483 0 3056 3483 1 2 0 5
3057 3482 0 3057 3482 1 2 0 5
3058 3483 0 3058 3483 1 2 0 5
3047 3483 0 3047 3483 1 2 0 5
3046 3484 0 3046 3484 1 2 0 5
3045 3483 0 3045 3483 1 2 0 5
3046 3482 0 3046 3482 1 2 0 5
3057 3484 1 3057 3484 0 2 0 4
3056 3483 1 3056 3483 0 2 0 4
3057 3482 1 3057 3482 0 2 0 4
3058 3483 1 3058 3483 0 2 0 4
3047 3483 1 3047 3483 0 2 0 4
3046 3484 1 3046 3484 0 2 0 4
3045 3483 1 3045 3483 0 2 0 4
3046 3482 1 3046 3482 0 2 0 4
3018 3450 0 3018 9850 0 2 1 6
3018 9850 0 3018 3450 0 2 1 5
3020 3450 0 3020 9850 0 2 1 6
3058 9777 0 3061 3377 0 2 1 2
3061 3377 0 3058 9777 0 2 1 3
3058 9776 0 3061 3376 0 2 1 2
3061 3376 0 3058 9776 0 2 1 3
3728 5692 0 3060 9766 0 2 1 93
3060 9766 0 3728 5692 0 2 1 91
3046 9757 0 3046 9756 0 1 0 0
3046 9756 0 3046 9757 0 1 0 0
3019 9741 0 3019 9741 0 2 0 4
3021 3339 0 3021 9739 0 2 1 4
3021 9739 0 3021 3339 0 2 1 5
3019 3337 0 3019 9737 0 2 1 4
3019 9737 0 3019 3337 0 2 1 5
3017 3339 0 3017 9739 0 2 1 4
3017 9739 0 3017 3339 0 2 1 5
2964 3216 0 2968 3215 1 1 0 2
2968 3215 1 2964 3215 0 1 0 3
2964 3215 0 2968 3215 1 1 0 2
2968 3216 1 2964 3215 0 1 0 3
2949 3213 1 2949 3213 0 2 0 4
2949 3213 0 2949 3213 1 2 0 5
2915 3225 0 2915 3222 1 3 0 27
2915 3222 1 2915 3225 0 3 0 27
2913 3221 0 2913 3221 1 2 0 52
2913 3221 1 2913 3221 0 2 0 53
2914 3222 1 2913 3221 0 2 0 53
2914 3220 1 2913 3221 0 2 0 53
2915 3221 1 2913 3221 0 2 0 53
2909 3226 0 2909 3229 1 3 0 27
2909 3229 1 2909 3226 0 3 0 27
2933 3289 0 2933 3288 0 1 0 128
2933 3288 0 2933 3289 0 1 0 128
2941 3248 0 2940 3248 0 1 0 0
2940 3248 0 2941 3248 0 1 0 0
2938 3252 0 2937 3252 0 1 0 129
2925 3244 0 2926 3244 0 1 0 130
2926 3244 0 2925 3244 0 1 0 130
2925 3248 0 2926 3248 0 1 0 130
2926 3248 0 2925 3248 0 1 0 130
2926 3253 0 2925 3253 0 1 0 130
2925 3253 0 2926 3253 0 1 0 130
2892 3556 0 2892 3556 1 2 0 5
2892 3556 1 2892 3556 0 2 0 4
2891 3557 0 2891 3557 1 2 0 5
2891 3557 1 2891 3557 0 2 0 4
2905 3556 0 2905 3556 1 2 0 5
2905 3556 1 2905 3556 0 2 0 4
2906 3557 0 2906 3557 1 2 0 5
2906 3557 1 2906 3557 0 2 0 4
2899 3565 0 2205 4933 1 2 1 51
2205 4934 1 2899 3564 0 2 1 26
2900 3565 0 2205 4933 1 2 1 51
2206 4934 1 2900 3565 0 2 1 26
2207 4934 1 2207 4938 0 2 0 51
2207 4938 0 2207 4934 1 2 0 26
2208 4934 1 2207 4938 0 2 0 51
2208 4938 0 2207 4934 1 2 0 26
2212 4940 0 2212 4944 1 2 0 26
2213 4940 0 2212 4944 1 2 0 26
2212 4944 1 2212 4940 0 2 0 51
2213 4944 1 2212 4940 0 2 0 51
2898 3565 0 2897 3569 1 2 0 26
2897 3569 1 2897 3565 0 2 0 51
2897 3565 0 2897 3569 1 2 0 26
2898 3569 1 2897 3565 0 2 0 51
2905 3571 0 2905 3571 1 2 0 5
2905 3571 1 2905 3571 0 2 0 4
2906 3570 0 2906 3570 1 2 0 5
2906 3570 1 2906 3570 0 2 0 4
2877 3546 0 2876 3546 0 1 0 0
2876 3546 0 2877 3546 0 1 0 0
2855 3546 0 2855 3545 0 1 0 0
2855 3545 0 2855 3546 0 1 0 0
2854 3546 0 2854 3545 0 1 0 0
2854 3545 0 2854 3546 0 1 0 0
2841 3538 0 2840 3539 1 1 0 2
2840 3539 1 2841 3538 0 1 0 3
2841 3537 0 2840 3539 1 1 0 2
2841 3538 1 2841 3538 0 1 0 3
2840 3539 0 2840 3539 1 1 0 2
2839 3539 0 2840 3539 1 1 0 2
2838 3538 0 2840 3539 1 1 0 2
2838 3537 0 2840 3539 1 1 0 2
2840 3539 1 2840 3539 2 1 0 2
2840 3539 2 2841 3538 1 1 0 3
2841 3538 1 2840 3539 2 1 0 2
2842 3541 1 2842 3542 1 1 0 0
2842 3542 1 2842 3541 1 1 0 0
2852 3551 1 2853 3551 1 2 0 131
2853 3551 1 2852 3551 1 2 0 131
2852 3552 1 2853 3552 1 2 0 131
2853 3552 1 2852 3552 1 2 0 131
2834 3542 0 2907 9968 0 2 1 4
2907 9968 0 2834 3542 0 2 1 5
3061 4985 1 2906 3537 0 2 1 132
2906 3537 0 3061 4985 1 2 1 133
2915 3538 0 2914 3542 1 1 0 2
2914 3542 1 2914 3538 0 1 0 3
2914 3538 0 2914 3542 1 1 0 2
2915 3542 1 2914 3538 0 1 0 3
2929 3545 0 2929 3545 1 2 0 5
2929 3545 1 2929 3545 0 2 0 4
2857 3577 0 2269 4752 0 2 1 134
2269 4752 0 2858 3577 0 2 1 135
2858 3577 0 2269 4752 0 2 1 134
2270 4752 0 2858 3577 0 2 1 135
2859 3577 0 2269 4752 0 2 1 134
2268 4752 0 2858 3577 0 2 1 135
2860 3578 0 2269 4752 0 2 1 134
2892 3571 0 2892 3571 1 2 0 5
2892 3571 1 2892 3571 0 2 0 4
2891 3570 0 2891 3570 1 2 0 5
2891 3570 1 2891 3570 0 2 0 4
2894 3566 0 2894 3567 0 2 0 7
2894 3567 0 2894 3566 0 2 0 7
3158 3950 0 3158 3952 0 4 0 136
3158 3952 0 3158 3950 0 4 0 136
3232 10351 0 3233 3950 0 2 1 137
3233 3950 0 3232 10351 0 2 1 138
3232 3950 0 3232 10351 0 2 1 138
3242 3948 0 3243 10351 0 2 1 138
3243 10351 0 3242 3948 0 2 1 137
3243 3948 0 3243 10351 0 2 1 138
3232 3938 0 3233 10332 0 2 1 138
3233 10332 0 3233 3938 0 2 1 137
3233 3938 0 3233 10332 0 2 1 138
3095 3957 0 3094 3957 0 4 0 136
3093 3957 0 3092 3957 0 4 0 136
3092 3957 0 3093 3957 0 4 0 136
3094 3957 0 3095 3957 0 4 0 136
3106 3959 0 3106 3957 0 4 0 136
3105 3959 0 3105 3957 0 4 0 136
3105 3957 0 3105 3959 0 4 0 136
3106 3957 0 3106 3959 0 4 0 136
3105 3956 0 3105 3951 0 5 0 17
3105 3951 0 3105 3956 0 5 0 17
3018 3958 0 3018 3958 1 2 0 52
3018 3958 1 3018 3958 0 2 0 53
3019 3958 1 3019 3960 2 2 0 52
3019 3960 2 3019 3958 1 2 0 53
3017 3958 1 3017 3960 2 2 0 52
3017 3960 2 3017 3958 1 2 0 53
2998 3931 0 2998 3916 0 2 0 1
2997 3931 0 2998 3916 0 2 0 1
3005 3962 0 3005 10362 0 2 1 4
3005 10362 0 3005 3962 0 2 1 5
3069 10255 0 3016 3849 0 2 1 5
3017 3850 0 3069 10255 0 2 1 4
3068 10256 0 3016 3849 0 2 1 5
3069 10257 0 3016 3849 0 2 1 5
3029 3852 0 3031 3852 0 4 0 136
3031 3852 0 3029 3852 0 4 0 136
3115 3858 0 3115 3860 0 4 0 136
3115 3860 0 3115 3858 0 4 0 136
3069 3857 0 3016 10249 0 2 1 4
3016 10249 0 3070 3856 0 2 1 5
3017 10250 0 3070 3856 0 2 1 5
3017 10248 0 3070 3856 0 2 1 5
3018 10249 0 3070 3856 0 2 1 5
3044 3927 0 3044 10322 0 1 1 3
3044 10323 0 3044 3927 0 1 1 2
3045 3927 0 3044 10322 0 1 1 3
3045 10323 0 3044 3927 0 1 1 2
2995 3530 0 2998 3530 0 4 0 139
2998 3530 0 2995 3530 0 4 0 139
2995 3531 0 2998 3531 0 4 0 139
2998 3531 0 2995 3531 0 4 0 139
2995 3532 0 2998 3532 0 4 0 139
2998 3532 0 2995 3532 0 4 0 139
2995 3533 0 2998 3533 0 4 0 139
2998 3533 0 2995 3533 0 4 0 139
2946 3520 0 2946 3523 0 4 0 139
2946 3523 0 2946 3520 0 4 0 139
2947 3520 0 2947 3523 0 4 0 139
2947 3523 0 2947 3520 0 4 0 139
2948 3520 0 2948 3523 0 4 0 139
2948 3523 0 2948 3520 0 4 0 139
2949 3520 0 2949 3523 0 4 0 139
2949 3523 0 2949 3520 0 4 0 139
2950 3520 0 2950 3523 0 4 0 139
2950 3523 0 2950 3520 0 4 0 139
2951 3520 0 2951 3523 0 4 0 139
2951 3523 0 2951 3520 0 4 0 139
2952 3520 0 2952 3523 0 4 0 139
2952 3523 0 2952 3520 0 4 0 139
2953 3520 0 2953 3523 0 4 0 139
2953 3523 0 2953 3520 0 4 0 139
2954 3520 0 2954 3523 0 4 0 139
2954 3523 0 2954 3520 0 4 0 139
2955 3520 0 2955 3523 0 4 0 139
2955 3523 0 2955 3520 0 4 0 139
2956 3520 0 2956 3523 0 4 0 139
2956 3523 0 2956 3520 0 4 0 139
2957 3520 0 2957 3523 0 4 0 139
2957 3523 0 2957 3520 0 4 0 139
2958 3520 0 2958 3523 0 4 0 139
2958 3523 0 2958 3520 0 4 0 139
2959 3520 0 2959 3523 0 4 0 139
2959 3523 0 2959 3520 0 4 0 139
2960 3520 0 2960 3523 0 4 0 139
2960 3523 0 2960 3520 0 4 0 139
2961 3520 0 2961 3523 0 4 0 139
2961 3523 0 2961 3520 0 4 0 139
2962 3520 0 2962 3523 0 4 0 139
2962 3523 0 2962 3520 0 4 0 139
2963 3520 0 2963 3523 0 4 0 139
2963 3523 0 2963 3520 0 4 0 139
2964 3520 0 2964 3523 0 4 0 139
2964 3523 0 2964 3520 0 4 0 139
2965 3520 0 2965 3523 0 4 0 139
2965 3523 0 2965 3520 0 4 0 139
2966 3520 0 2966 3523 0 4 0 139
2966 3523 0 2966 3520 0 4 0 139
2967 3520 0 2967 3523 0 4 0 139
2967 3523 0 2967 3520 0 4 0 139
2968 3520 0 2968 3523 0 4 0 139
2968 3523 0 2968 3520 0 4 0 139
2969 3520 0 2969 3523 0 4 0 139
2969 3523 0 2969 3520 0 4 0 139
2970 3520 0 2970 3523 0 4 0 139
2970 3523 0 2970 3520 0 4 0 139
2971 3520 0 2971 3523 0 4 0 139
2971 3523 0 2971 3520 0 4 0 139
2972 3520 0 2972 3523 0 4 0 139
2972 3523 0 2972 3520 0 4 0 139
2973 3520 0 2973 3523 0 4 0 139
2973 3523 0 2973 3520 0 4 0 139
2974 3520 0 2974 3523 0 4 0 139
2974 3523 0 2974 3520 0 4 0 139
2975 3520 0 2975 3523 0 4 0 139
2975 3523 0 2975 3520 0 4 0 139
2976 3520 0 2976 3523 0 4 0 139
2976 3523 0 2976 3520 0 4 0 139
2977 3520 0 2977 3523 0 4 0 139
2977 3523 0 2977 3520 0 4 0 139
2978 3520 0 2978 3523 0 4 0 139
2978 3523 0 2978 3520 0 4 0 139
2979 3520 0 2979 3523 0 4 0 139
2979 3523 0 2979 3520 0 4 0 139
2980 3520 0 2980 3523 0 4 0 139
2980 3523 0 2980 3520 0 4 0 139
2981 3520 0 2981 3523 0 4 0 139
2981 3523 0 2981 3520 0 4 0 139
2982 3520 0 2982 3523 0 4 0 139
2982 3523 0 2982 3520 0 4 0 139
2983 3520 0 2983 3523 0 4 0 139
2983 3523 0 2983 3520 0 4 0 139
2984 3520 0 2984 3523 0 4 0 139
2984 3523 0 2984 3520 0 4 0 139
2985 3520 0 2985 3523 0 4 0 139
2985 3523 0 2985 3520 0 4 0 139
2986 3520 0 2986 3523 0 4 0 139
2986 3523 0 2986 3520 0 4 0 139
2987 3520 0 2987 3523 0 4 0 139
2987 3523 0 2987 3520 0 4 0 139
2988 3520 0 2988 3523 0 4 0 139
2988 3523 0 2988 3520 0 4 0 139
2989 3520 0 2989 3523 0 4 0 139
2989 3523 0 2989 3520 0 4 0 139
2990 3520 0 2990 3523 0 4 0 139
2990 3523 0 2990 3520 0 4 0 139
2991 3520 0 2991 3523 0 4 0 139
2991 3523 0 2991 3520 0 4 0 139
3042 3520 0 3042 3523 0 4 0 139
3042 3523 0 3042 3520 0 4 0 139
3043 3520 0 3043 3523 0 4 0 139
3043 3523 0 3043 3520 0 4 0 139
3044 3520 0 3044 3523 0 4 0 139
3044 3523 0 3044 3520 0 4 0 139
3045 3520 0 3045 3523 0 4 0 139
3045 3523 0 3045 3520 0 4 0 139
3046 3520 0 3046 3523 0 4 0 139
3046 3523 0 3046 3520 0 4 0 139
3047 3520 0 3047 3523 0 4 0 139
3047 3523 0 3047 3520 0 4 0 139
3048 3520 0 3048 3523 0 4 0 139
3048 3523 0 3048 3520 0 4 0 139
3049 3520 0 3049 3523 0 4 0 139
3049 3523 0 3049 3520 0 4 0 139
3050 3520 0 3050 3523 0 4 0 139
3050 3523 0 3050 3520 0 4 0 139
3051 3520 0 3051 3523 0 4 0 139
3051 3523 0 3051 3520 0 4 0 139
3052 3520 0 3052 3523 0 4 0 139
3052 3523 0 3052 3520 0 4 0 139
3053 3520 0 3053 3523 0 4 0 139
3053 3523 0 3053 3520 0 4 0 139
3054 3520 0 3054 3523 0 4 0 139
3054 3523 0 3054 3520 0 4 0 139
3055 3520 0 3055 3523 0 4 0 139
3055 3523 0 3055 3520 0 4 0 139
3056 3520 0 3056 3523 0 4 0 139
3056 3523 0 3056 3520 0 4 0 139
3057 3520 0 3057 3523 0 4 0 139
3057 3523 0 3057 3520 0 4 0 139
3058 3520 0 3058 3523 0 4 0 139
3058 3523 0 3058 3520 0 4 0 139
3059 3520 0 3059 3523 0 4 0 139
3059 3523 0 3059 3520 0 4 0 139
3060 3520 0 3060 3523 0 4 0 139
3060 3523 0 3060 3520 0 4 0 139
3061 3520 0 3061 3523 0 4 0 139
3061 3523 0 3061 3520 0 4 0 139
3062 3520 0 3062 3523 0 4 0 139
3062 3523 0 3062 3520 0 4 0 139
3063 3520 0 3063 3523 0 4 0 139
3063 3523 0 3063 3520 0 4 0 139
3064 3520 0 3064 3523 0 4 0 139
3064 3523 0 3064 3520 0 4 0 139
3065 3520 0 3065 3523 0 4 0 139
3065 3523 0 3065 3520 0 4 0 139
3066 3520 0 3066 3523 0 4 0 139
3066 3523 0 3066 3520 0 4 0 139
3067 3520 0 3067 3523 0 4 0 139
3067 3523 0 3067 3520 0 4 0 139
3068 3520 0 3068 3523 0 4 0 139
3068 3523 0 3068 3520 0 4 0 139
3069 3520 0 3069 3523 0 4 0 139
3069 3523 0 3069 3520 0 4 0 139
3070 3520 0 3070 3523 0 4 0 139
3070 3523 0 3070 3520 0 4 0 139
3071 3520 0 3071 3523 0 4 0 139
3071 3523 0 3071 3520 0 4 0 139
3072 3520 0 3072 3523 0 4 0 139
3072 3523 0 3072 3520 0 4 0 139
3073 3520 0 3073 3523 0 4 0 139
3073 3523 0 3073 3520 0 4 0 139
3074 3520 0 3074 3523 0 4 0 139
3074 3523 0 3074 3520 0 4 0 139
3075 3520 0 3075 3523 0 4 0 139
3075 3523 0 3075 3520 0 4 0 139
3076 3520 0 3076 3523 0 4 0 139
3076 3523 0 3076 3520 0 4 0 139
3077 3520 0 3077 3523 0 4 0 139
3077 3523 0 3077 3520 0 4 0 139
3078 3520 0 3078 3523 0 4 0 139
3078 3523 0 3078 3520 0 4 0 139
3079 3520 0 3079 3523 0 4 0 139
3079 3523 0 3079 3520 0 4 0 139
3080 3520 0 3080 3523 0 4 0 139
3080 3523 0 3080 3520 0 4 0 139
3081 3520 0 3081 3523 0 4 0 139
3081 3523 0 3081 3520 0 4 0 139
3082 3520 0 3082 3523 0 4 0 139
3082 3523 0 3082 3520 0 4 0 139
3083 3520 0 3083 3523 0 4 0 139
3083 3523 0 3083 3520 0 4 0 139
3084 3520 0 3084 3523 0 4 0 139
3084 3523 0 3084 3520 0 4 0 139
3085 3520 0 3085 3523 0 4 0 139
3085 3523 0 3085 3520 0 4 0 139
3086 3520 0 3086 3523 0 4 0 139
3086 3523 0 3086 3520 0 4 0 139
3087 3520 0 3087 3523 0 4 0 139
3087 3523 0 3087 3520 0 4 0 139
3088 3520 0 3088 3523 0 4 0 139
3088 3523 0 3088 3520 0 4 0 139
3089 3520 0 3089 3523 0 4 0 139
3089 3523 0 3089 3520 0 4 0 139
3090 3520 0 3090 3523 0 4 0 139
3090 3523 0 3090 3520 0 4 0 139
3091 3520 0 3091 3523 0 4 0 139
3091 3523 0 3091 3520 0 4 0 139
3092 3520 0 3092 3523 0 4 0 139
3092 3523 0 3092 3520 0 4 0 139
3093 3520 0 3093 3523 0 4 0 139
3093 3523 0 3093 3520 0 4 0 139
3094 3520 0 3094 3523 0 4 0 139
3094 3523 0 3094 3520 0 4 0 139
3095 3520 0 3095 3523 0 4 0 139
3095 3523 0 3095 3520 0 4 0 139
3096 3520 0 3096 3523 0 4 0 139
3096 3523 0 3096 3520 0 4 0 139
3097 3520 0 3097 3523 0 4 0 139
3097 3523 0 3097 3520 0 4 0 139
3098 3520 0 3098 3523 0 4 0 139
3098 3523 0 3098 3520 0 4 0 139
3099 3520 0 3099 3523 0 4 0 139
3099 3523 0 3099 3520 0 4 0 139
3100 3520 0 3100 3523 0 4 0 139
3100 3523 0 3100 3520 0 4 0 139
3101 3520 0 3101 3523 0 4 0 139
3101 3523 0 3101 3520 0 4 0 139
3102 3520 0 3102 3523 0 4 0 139
3102 3523 0 3102 3520 0 4 0 139
3103 3520 0 3103 3523 0 4 0 139
3103 3523 0 3103 3520 0 4 0 139
3104 3520 0 3104 3523 0 4 0 139
3104 3523 0 3104 3520 0 4 0 139
3105 3520 0 3105 3523 0 4 0 139
3105 3523 0 3105 3520 0 4 0 139
3106 3520 0 3106 3523 0 4 0 139
3106 3523 0 3106 3520 0 4 0 139
3107 3520 0 3107 3523 0 4 0 139
3107 3523 0 3107 3520 0 4 0 139
3108 3520 0 3108 3523 0 4 0 139
3108 3523 0 3108 3520 0 4 0 139
3109 3520 0 3109 3523 0 4 0 139
3109 3523 0 3109 3520 0 4 0 139
3110 3520 0 3110 3523 0 4 0 139
3110 3523 0 3110 3520 0 4 0 139
3111 3520 0 3111 3523 0 4 0 139
3111 3523 0 3111 3520 0 4 0 139
3112 3520 0 3112 3523 0 4 0 139
3112 3523 0 3112 3520 0 4 0 139
3113 3520 0 3113 3523 0 4 0 139
3113 3523 0 3113 3520 0 4 0 139
3114 3520 0 3114 3523 0 4 0 139
3114 3523 0 3114 3520 0 4 0 139
3115 3520 0 3115 3523 0 4 0 139
3115 3523 0 3115 3520 0 4 0 139
3116 3520 0 3116 3523 0 4 0 139
3116 3523 0 3116 3520 0 4 0 139
3117 3520 0 3117 3523 0 4 0 139
3117 3523 0 3117 3520 0 4 0 139
3118 3520 0 3118 3523 0 4 0 139
3118 3523 0 3118 3520 0 4 0 139
3119 3520 0 3119 3523 0 4 0 139
3119 3523 0 3119 3520 0 4 0 139
3120 3520 0 3120 3523 0 4 0 139
3120 3523 0 3120 3520 0 4 0 139
3121 3520 0 3121 3523 0 4 0 139
3121 3523 0 3121 3520 0 4 0 139
3122 3520 0 3122 3523 0 4 0 139
3122 3523 0 3122 3520 0 4 0 139
3136 3520 0 3136 3523 0 4 0 139
3136 3523 0 3136 3520 0 4 0 139
3137 3520 0 3137 3523 0 4 0 139
3137 3523 0 3137 3520 0 4 0 139
3138 3520 0 3138 3523 0 4 0 139
3138 3523 0 3138 3520 0 4 0 139
3139 3520 0 3139 3523 0 4 0 139
3139 3523 0 3139 3520 0 4 0 139
3140 3520 0 3140 3523 0 4 0 139
3140 3523 0 3140 3520 0 4 0 139
3141 3520 0 3141 3523 0 4 0 139
3141 3523 0 3141 3520 0 4 0 139
3142 3520 0 3142 3523 0 4 0 139
3142 3523 0 3142 3520 0 4 0 139
3143 3520 0 3143 3523 0 4 0 139
3143 3523 0 3143 3520 0 4 0 139
3144 3520 0 3144 3523 0 4 0 139
3144 3523 0 3144 3520 0 4 0 139
3145 3520 0 3145 3523 0 4 0 139
3145 3523 0 3145 3520 0 4 0 139
3146 3520 0 3146 3523 0 4 0 139
3146 3523 0 3146 3520 0 4 0 139
3147 3520 0 3147 3523 0 4 0 139
3147 3523 0 3147 3520 0 4 0 139
3148 3520 0 3148 3523 0 4 0 139
3148 3523 0 3148 3520 0 4 0 139
3149 3520 0 3149 3523 0 4 0 139
3149 3523 0 3149 3520 0 4 0 139
3150 3520 0 3150 3523 0 4 0 139
3150 3523 0 3150 3520 0 4 0 139
3151 3520 0 3151 3523 0 4 0 139
3151 3523 0 3151 3520 0 4 0 139
3152 3520 0 3152 3523 0 4 0 139
3152 3523 0 3152 3520 0 4 0 139
3153 3520 0 3153 3523 0 4 0 139
3153 3523 0 3153 3520 0 4 0 139
3154 3520 0 3154 3523 0 4 0 139
3154 3523 0 3154 3520 0 4 0 139
3155 3520 0 3155 3523 0 4 0 139
3155 3523 0 3155 3520 0 4 0 139
3156 3520 0 3156 3523 0 4 0 139
3156 3523 0 3156 3520 0 4 0 139
3157 3520 0 3157 3523 0 4 0 139
3157 3523 0 3157 3520 0 4 0 139
3158 3520 0 3158 3523 0 4 0 139
3158 3523 0 3158 3520 0 4 0 139
3159 3520 0 3159 3523 0 4 0 139
3159 3523 0 3159 3520 0 4 0 139
3160 3520 0 3160 3523 0 4 0 139
3160 3523 0 3160 3520 0 4 0 139
3161 3520 0 3161 3523 0 4 0 139
3161 3523 0 3161 3520 0 4 0 139
3162 3520 0 3162 3523 0 4 0 139
3162 3523 0 3162 3520 0 4 0 139
3163 3520 0 3163 3523 0 4 0 139
3163 3523 0 3163 3520 0 4 0 139
3164 3520 0 3164 3523 0 4 0 139
3164 3523 0 3164 3520 0 4 0 139
3165 3520 0 3165 3523 0 4 0 139
3165 3523 0 3165 3520 0 4 0 139
3166 3520 0 3166 3523 0 4 0 139
3166 3523 0 3166 3520 0 4 0 139
3167 3520 0 3167 3523 0 4 0 139
3167 3523 0 3167 3520 0 4 0 139
3168 3520 0 3168 3523 0 4 0 139
3168 3523 0 3168 3520 0 4 0 139
3169 3520 0 3169 3523 0 4 0 139
3169 3523 0 3169 3520 0 4 0 139
3170 3520 0 3170 3523 0 4 0 139
3170 3523 0 3170 3520 0 4 0 139
3171 3520 0 3171 3523 0 4 0 139
3171 3523 0 3171 3520 0 4 0 139
3172 3520 0 3172 3523 0 4 0 139
3172 3523 0 3172 3520 0 4 0 139
3173 3520 0 3173 3523 0 4 0 139
3173 3523 0 3173 3520 0 4 0 139
3174 3520 0 3174 3523 0 4 0 139
3174 3523 0 3174 3520 0 4 0 139
3175 3520 0 3175 3523 0 4 0 139
3175 3523 0 3175 3520 0 4 0 139
3176 3520 0 3176 3523 0 4 0 139
3176 3523 0 3176 3520 0 4 0 139
3177 3520 0 3177 3523 0 4 0 139
3177 3523 0 3177 3520 0 4 0 139
3178 3520 0 3178 3523 0 4 0 139
3178 3523 0 3178 3520 0 4 0 139
3179 3520 0 3179 3523 0 4 0 139
3179 3523 0 3179 3520 0 4 0 139
3180 3520 0 3180 3523 0 4 0 139
3180 3523 0 3180 3520 0 4 0 139
3181 3520 0 3181 3523 0 4 0 139
3181 3523 0 3181 3520 0 4 0 139
3182 3520 0 3182 3523 0 4 0 139
3182 3523 0 3182 3520 0 4 0 139
3183 3520 0 3183 3523 0 4 0 139
3183 3523 0 3183 3520 0 4 0 139
3184 3520 0 3184 3523 0 4 0 139
3184 3523 0 3184 3520 0 4 0 139
3185 3520 0 3185 3523 0 4 0 139
3185 3523 0 3185 3520 0 4 0 139
3186 3520 0 3186 3523 0 4 0 139
3186 3523 0 3186 3520 0 4 0 139
3187 3520 0 3187 3523 0 4 0 139
3187 3523 0 3187 3520 0 4 0 139
3188 3520 0 3188 3523 0 4 0 139
3188 3523 0 3188 3520 0 4 0 139
3189 3520 0 3189 3523 0 4 0 139
3189 3523 0 3189 3520 0 4 0 139
3190 3520 0 3190 3523 0 4 0 139
3190 3523 0 3190 3520 0 4 0 139
3191 3520 0 3191 3523 0 4 0 139
3191 3523 0 3191 3520 0 4 0 139
3192 3520 0 3192 3523 0 4 0 139
3192 3523 0 3192 3520 0 4 0 139
3193 3520 0 3193 3523 0 4 0 139
3193 3523 0 3193 3520 0 4 0 139
3194 3520 0 3194 3523 0 4 0 139
3194 3523 0 3194 3520 0 4 0 139
3195 3520 0 3195 3523 0 4 0 139
3195 3523 0 3195 3520 0 4 0 139
3196 3520 0 3196 3523 0 4 0 139
3196 3523 0 3196 3520 0 4 0 139
3197 3520 0 3197 3523 0 4 0 139
3197 3523 0 3197 3520 0 4 0 139
3198 3520 0 3198 3523 0 4 0 139
3198 3523 0 3198 3520 0 4 0 139
3199 3520 0 3199 3523 0 4 0 139
3199 3523 0 3199 3520 0 4 0 139
3200 3520 0 3200 3523 0 4 0 139
3200 3523 0 3200 3520 0 4 0 139
3201 3520 0 3201 3523 0 4 0 139
3201 3523 0 3201 3520 0 4 0 139
3202 3520 0 3202 3523 0 4 0 139
3202 3523 0 3202 3520 0 4 0 139
3203 3520 0 3203 3523 0 4 0 139
3203 3523 0 3203 3520 0 4 0 139
3204 3520 0 3204 3523 0 4 0 139
3204 3523 0 3204 3520 0 4 0 139
3205 3520 0 3205 3523 0 4 0 139
3205 3523 0 3205 3520 0 4 0 139
3206 3520 0 3206 3523 0 4 0 139
3206 3523 0 3206 3520 0 4 0 139
3207 3520 0 3207 3523 0 4 0 139
3207 3523 0 3207 3520 0 4 0 139
3208 3520 0 3208 3523 0 4 0 139
3208 3523 0 3208 3520 0 4 0 139
3209 3520 0 3209 3523 0 4 0 139
3209 3523 0 3209 3520 0 4 0 139
3210 3520 0 3210 3523 0 4 0 139
3210 3523 0 3210 3520 0 4 0 139
3211 3520 0 3211 3523 0 4 0 139
3211 3523 0 3211 3520 0 4 0 139
3212 3520 0 3212 3523 0 4 0 139
3212 3523 0 3212 3520 0 4 0 139
3213 3520 0 3213 3523 0 4 0 139
3213 3523 0 3213 3520 0 4 0 139
3214 3520 0 3214 3523 0 4 0 139
3214 3523 0 3214 3520 0 4 0 139
3215 3520 0 3215 3523 0 4 0 139
3215 3523 0 3215 3520 0 4 0 139
3216 3520 0 3216 3523 0 4 0 139
3216 3523 0 3216 3520 0 4 0 139
3217 3520 0 3217 3523 0 4 0 139
3217 3523 0 3217 3520 0 4 0 139
3218 3520 0 3218 3523 0 4 0 139
3218 3523 0 3218 3520 0 4 0 139
3219 3520 0 3219 3523 0 4 0 139
3219 3523 0 3219 3520 0 4 0 139
3220 3520 0 3220 3523 0 4 0 139
3220 3523 0 3220 3520 0 4 0 139
3221 3520 0 3221 3523 0 4 0 139
3221 3523 0 3221 3520 0 4 0 139
3222 3520 0 3222 3523 0 4 0 139
3222 3523 0 3222 3520 0 4 0 139
3223 3520 0 3223 3523 0 4 0 139
3223 3523 0 3223 3520 0 4 0 139
3224 3520 0 3224 3523 0 4 0 139
3224 3523 0 3224 3520 0 4 0 139
3225 3520 0 3225 3523 0 4 0 139
3225 3523 0 3225 3520 0 4 0 139
3226 3520 0 3226 3523 0 4 0 139
3226 3523 0 3226 3520 0 4 0 139
3227 3520 0 3227 3523 0 4 0 139
3227 3523 0 3227 3520 0 4 0 139
3228 3520 0 3228 3523 0 4 0 139
3228 3523 0 3228 3520 0 4 0 139
3229 3520 0 3229 3523 0 4 0 139
3229 3523 0 3229 3520 0 4 0 139
3230 3520 0 3230 3523 0 4 0 139
3230 3523 0 3230 3520 0 4 0 139
3231 3520 0 3231 3523 0 4 0 139
3231 3523 0 3231 3520 0 4 0 139
3232 3520 0 3232 3523 0 4 0 139
3232 3523 0 3232 3520 0 4 0 139
3233 3520 0 3233 3523 0 4 0 139
3233 3523 0 3233 3520 0 4 0 139
3234 3520 0 3234 3523 0 4 0 139
3234 3523 0 3234 3520 0 4 0 139
3235 3520 0 3235 3523 0 4 0 139
3235 3523 0 3235 3520 0 4 0 139
3236 3520 0 3236 3523 0 4 0 139
3236 3523 0 3236 3520 0 4 0 139
3237 3520 0 3237 3523 0 4 0 139
3237 3523 0 3237 3520 0 4 0 139
3238 3520 0 3238 3523 0 4 0 139
3238 3523 0 3238 3520 0 4 0 139
3239 3520 0 3239 3523 0 4 0 139
3239 3523 0 3239 3520 0 4 0 139
3240 3520 0 3240 3523 0 4 0 139
3240 3523 0 3240 3520 0 4 0 139
3241 3520 0 3241 3523 0 4 0 139
3241 3523 0 3241 3520 0 4 0 139
3242 3520 0 3242 3523 0 4 0 139
3242 3523 0 3242 3520 0 4 0 139
3243 3520 0 3243 3523 0 4 0 139
3243 3523 0 3243 3520 0 4 0 139
3244 3520 0 3244 3523 0 4 0 139
3244 3523 0 3244 3520 0 4 0 139
3245 3520 0 3245 3523 0 4 0 139
3245 3523 0 3245 3520 0 4 0 139
3246 3520 0 3246 3523 0 4 0 139
3246 3523 0 3246 3520 0 4 0 139
3247 3520 0 3247 3523 0 4 0 139
3247 3523 0 3247 3520 0 4 0 139
3248 3520 0 3248 3523 0 4 0 139
3248 3523 0 3248 3520 0 4 0 139
3249 3520 0 3249 3523 0 4 0 139
3249 3523 0 3249 3520 0 4 0 139
3250 3520 0 3250 3523 0 4 0 139
3250 3523 0 3250 3520 0 4 0 139
3251 3520 0 3251 3523 0 4 0 139
3251 3523 0 3251 3520 0 4 0 139
3252 3520 0 3252 3523 0 4 0 139
3252 3523 0 3252 3520 0 4 0 139
3253 3520 0 3253 3523 0 4 0 139
3253 3523 0 3253 3520 0 4 0 139
3254 3520 0 3254 3523 0 4 0 139
3254 3523 0 3254 3520 0 4 0 139
3255 3520 0 3255 3523 0 4 0 139
3255 3523 0 3255 3520 0 4 0 139
3256 3520 0 3256 3523 0 4 0 139
3256 3523 0 3256 3520 0 4 0 139
3257 3520 0 3257 3523 0 4 0 139
3257 3523 0 3257 3520 0 4 0 139
3258 3520 0 3258 3523 0 4 0 139
3258 3523 0 3258 3520 0 4 0 139
3259 3520 0 3259 3523 0 4 0 139
3259 3523 0 3259 3520 0 4 0 139
3260 3520 0 3260 3523 0 4 0 139
3260 3523 0 3260 3520 0 4 0 139
3261 3520 0 3261 3523 0 4 0 139
3261 3523 0 3261 3520 0 4 0 139
3262 3520 0 3262 3523 0 4 0 139
3262 3523 0 3262 3520 0 4 0 139
3263 3520 0 3263 3523 0 4 0 139
3263 3523 0 3263 3520 0 4 0 139
3264 3520 0 3264 3523 0 4 0 139
3264 3523 0 3264 3520 0 4 0 139
3265 3520 0 3265 3523 0 4 0 139
3265 3523 0 3265 3520 0 4 0 139
3266 3520 0 3266 3523 0 4 0 139
3266 3523 0 3266 3520 0 4 0 139
3267 3520 0 3267 3523 0 4 0 139
3267 3523 0 3267 3520 0 4 0 139
3268 3520 0 3268 3523 0 4 0 139
3268 3523 0 3268 3520 0 4 0 139
3269 3520 0 3269 3523 0 4 0 139
3269 3523 0 3269 3520 0 4 0 139
3270 3520 0 3270 3523 0 4 0 139
3270 3523 0 3270 3520 0 4 0 139
3271 3520 0 3271 3523 0 4 0 139
3271 3523 0 3271 3520 0 4 0 139
3272 3520 0 3272 3523 0 4 0 139
3272 3523 0 3272 3520 0 4 0 139
3273 3520 0 3273 3523 0 4 0 139
3273 3523 0 3273 3520 0 4 0 139
3274 3520 0 3274 3523 0 4 0 139
3274 3523 0 3274 3520 0 4 0 139
3275 3520 0 3275 3523 0 4 0 139
3275 3523 0 3275 3520 0 4 0 139
3276 3520 0 3276 3523 0 4 0 139
3276 3523 0 3276 3520 0 4 0 139
3277 3520 0 3277 3523 0 4 0 139
3277 3523 0 3277 3520 0 4 0 139
3278 3520 0 3278 3523 0 4 0 139
3278 3523 0 3278 3520 0 4 0 139
3279 3520 0 3279 3523 0 4 0 139
3279 3523 0 3279 3520 0 4 0 139
3280 3520 0 3280 3523 0 4 0 139
3280 3523 0 3280 3520 0 4 0 139
3281 3520 0 3281 3523 0 4 0 139
3281 3523 0 3281 3520 0 4 0 139
3282 3520 0 3282 3523 0 4 0 139
3282 3523 0 3282 3520 0 4 0 139
3283 3520 0 3283 3523 0 4 0 139
3283 3523 0 3283 3520 0 4 0 139
3284 3520 0 3284 3523 0 4 0 139
3284 3523 0 3284 3520 0 4 0 139
3285 3520 0 3285 3523 0 4 0 139
3285 3523 0 3285 3520 0 4 0 139
3286 3520 0 3286 3523 0 4 0 139
3286 3523 0 3286 3520 0 4 0 139
3287 3520 0 3287 3523 0 4 0 139
3287 3523 0 3287 3520 0 4 0 139
3288 3520 0 3288 3523 0 4 0 139
3288 3523 0 3288 3520 0 4 0 139
3289 3520 0 3289 3523 0 4 0 139
3289 3523 0 3289 3520 0 4 0 139
3290 3520 0 3290 3523 0 4 0 139
3290 3523 0 3290 3520 0 4 0 139
3291 3520 0 3291 3523 0 4 0 139
3291 3523 0 3291 3520 0 4 0 139
3292 3520 0 3292 3523 0 4 0 139
3292 3523 0 3292 3520 0 4 0 139
3293 3520 0 3293 3523 0 4 0 139
3293 3523 0 3293 3520 0 4 0 139
3294 3520 0 3294 3523 0 4 0 139
3294 3523 0 3294 3520 0 4 0 139
3295 3520 0 3295 3523 0 4 0 139
3295 3523 0 3295 3520 0 4 0 139
3296 3520 0 3296 3523 0 4 0 139
3296 3523 0 3296 3520 0 4 0 139
3297 3520 0 3297 3523 0 4 0 139
3297 3523 0 3297 3520 0 4 0 139
3298 3520 0 3298 3523 0 4 0 139
3298 3523 0 3298 3520 0 4 0 139
3299 3520 0 3299 3523 0 4 0 139
3299 3523 0 3299 3520 0 4 0 139
3300 3520 0 3300 3523 0 4 0 139
3300 3523 0 3300 3520 0 4 0 139
3301 3520 0 3301 3523 0 4 0 139
3301 3523 0 3301 3520 0 4 0 139
3302 3520 0 3302 3523 0 4 0 139
3302 3523 0 3302 3520 0 4 0 139
3303 3520 0 3303 3523 0 4 0 139
3303 3523 0 3303 3520 0 4 0 139
3304 3520 0 3304 3523 0 4 0 139
3304 3523 0 3304 3520 0 4 0 139
3305 3520 0 3305 3523 0 4 0 139
3305 3523 0 3305 3520 0 4 0 139
3306 3520 0 3306 3523 0 4 0 139
3306 3523 0 3306 3520 0 4 0 139
3307 3520 0 3307 3523 0 4 0 139
3307 3523 0 3307 3520 0 4 0 139
3308 3520 0 3308 3523 0 4 0 139
3308 3523 0 3308 3520 0 4 0 139
3309 3520 0 3309 3523 0 4 0 139
3309 3523 0 3309 3520 0 4 0 139
3310 3520 0 3310 3523 0 4 0 139
3310 3523 0 3310 3520 0 4 0 139
3311 3520 0 3311 3523 0 4 0 139
3311 3523 0 3311 3520 0 4 0 139
3312 3520 0 3312 3523 0 4 0 139
3312 3523 0 3312 3520 0 4 0 139
3313 3520 0 3313 3523 0 4 0 139
3313 3523 0 3313 3520 0 4 0 139
3314 3520 0 3314 3523 0 4 0 139
3314 3523 0 3314 3520 0 4 0 139
3315 3520 0 3315 3523 0 4 0 139
3315 3523 0 3315 3520 0 4 0 139
3316 3520 0 3316 3523 0 4 0 139
3316 3523 0 3316 3520 0 4 0 139
3317 3520 0 3317 3523 0 4 0 139
3317 3523 0 3317 3520 0 4 0 139
3318 3520 0 3318 3523 0 4 0 139
3318 3523 0 3318 3520 0 4 0 139
3319 3520 0 3319 3523 0 4 0 139
3319 3523 0 3319 3520 0 4 0 139
3320 3520 0 3320 3523 0 4 0 139
3320 3523 0 3320 3520 0 4 0 139
3321 3520 0 3321 3523 0 4 0 139
3321 3523 0 3321 3520 0 4 0 139
3322 3520 0 3322 3523 0 4 0 139
3322 3523 0 3322 3520 0 4 0 139
3323 3520 0 3323 3523 0 4 0 139
3323 3523 0 3323 3520 0 4 0 139
3324 3520 0 3324 3523 0 4 0 139
3324 3523 0 3324 3520 0 4 0 139
3325 3520 0 3325 3523 0 4 0 139
3325 3523 0 3325 3520 0 4 0 139
3326 3520 0 3326 3523 0 4 0 139
3326 3523 0 3326 3520 0 4 0 139
3329 3520 0 3329 3523 0 4 0 139
3329 3523 0 3329 3520 0 4 0 139
3330 3520 0 3330 3523 0 4 0 139
3330 3523 0 3330 3520 0 4 0 139
3331 3520 0 3331 3523 0 4 0 139
3331 3523 0 3331 3520 0 4 0 139
3332 3520 0 3332 3523 0 4 0 139
3332 3523 0 3332 3520 0 4 0 139
3333 3520 0 3333 3523 0 4 0 139
3333 3523 0 3333 3520 0 4 0 139
3334 3520 0 3334 3523 0 4 0 139
3334 3523 0 3334 3520 0 4 0 139
3335 3520 0 3335 3523 0 4 0 139
3335 3523 0 3335 3520 0 4 0 139
3336 3520 0 3336 3523 0 4 0 139
3336 3523 0 3336 3520 0 4 0 139
3337 3520 0 3337 3523 0 4 0 139
3337 3523 0 3337 3520 0 4 0 139
3338 3520 0 3338 3523 0 4 0 139
3338 3523 0 3338 3520 0 4 0 139
3339 3520 0 3339 3523 0 4 0 139
3339 3523 0 3339 3520 0 4 0 139
3340 3520 0 3340 3523 0 4 0 139
3340 3523 0 3340 3520 0 4 0 139
3259 3663 0 3385 10052 0 2 1 20
3260 3663 0 3385 10052 0 2 1 20
3384 10052 0 3259 3663 0 2 1 21
3385 10052 0 3259 3663 0 2 1 21
3386 10052 0 3259 3663 0 2 1 21
3293 3749 0 3406 10145 0 2 1 20
3294 3749 0 3406 10145 0 2 1 20
3405 10145 0 3294 3749 0 2 1 21
3406 10145 0 3294 3749 0 2 1 21
3407 10145 0 3294 3749 0 2 1 21
3073 3653 0 3197 10056 0 2 1 138
3074 3653 0 3197 10056 0 2 1 138
3075 3653 0 3197 10056 0 2 1 138
3076 3653 0 3197 10056 0 2 1 138
3069 3740 0 3187 10127 0 2 1 140
3069 3741 0 3187 10127 0 2 1 140
3069 3742 0 3187 10127 0 2 1 140
3069 3743 0 3187 10127 0 2 1 140
3066 3740 0 3187 10127 0 2 1 140
3066 3741 0 3187 10127 0 2 1 140
3066 3742 0 3187 10127 0 2 1 140
3066 3743 0 3187 10127 0 2 1 140
3067 3739 0 3187 10127 0 2 1 140
3068 3739 0 3187 10127 0 2 1 140
3067 3744 0 3187 10127 0 2 1 140
3068 3744 0 3187 10127 0 2 1 140
3220 10088 0 3220 10084 0 4 0 141
3220 10084 0 3220 10088 0 4 0 141
3198 10136 0 3202 10132 0 4 0 141
3202 10132 0 3198 10136 0 4 0 141
3200 10196 0 3204 10196 0 4 0 141
3204 10196 0 3200 10196 0 4 0 141
3180 10211 0 3180 10207 0 4 0 141
3180 10207 0 3180 10211 0 4 0 141
3126 3831 0 3241 10233 0 2 1 138
3126 3832 0 3241 10233 0 2 1 138
3126 3833 0 3241 10233 0 2 1 138
3126 3834 0 3241 10233 0 2 1 138
3217 10058 0 3102 3655 0 2 1 26
3246 10215 0 3124 3805 0 2 1 26
3184 3944 0 3184 3945 0 2 0 1
3184 3945 0 3184 3944 0 2 0 1
3409 2932 0 3409 2932 1 2 0 5
3409 2932 1 3409 2932 0 2 0 4
3429 2905 0 3429 2905 1 2 0 5
3429 2905 1 3429 2905 0 2 0 4
3426 2901 0 3426 2901 1 2 0 5
3426 2901 1 3426 2901 0 2 0 4
3439 2892 1 3439 2892 0 2 0 4
3439 2892 0 3439 2892 1 2 0 5
3449 2898 0 3449 2898 1 2 0 5
3449 2898 1 3449 2898 0 2 0 4
3445 2911 0 3449 2911 1 1 0 2
3449 2911 1 3445 2911 0 1 0 3
3445 2912 0 3449 2911 1 1 0 2
3449 2912 1 3445 2911 0 1 0 3
3417 2905 1 3417 2905 0 2 0 4
3417 2905 0 3417 2905 1 2 0 5
3403 2926 0 3403 2926 1 2 0 5
3403 2926 1 3403 2926 0 2 0 4
3371 9312 0 3371 9313 0 1 0 0
3371 9313 0 3371 9312 0 1 0 0
3373 9304 0 3375 2904 0 2 1 142
3375 2904 0 3374 9305 0 2 1 143
3374 9305 0 3375 2904 0 2 1 142
3375 2905 0 3374 9305 0 2 1 143
3373 9306 0 3375 2904 0 2 1 142
3375 2906 0 3374 9305 0 2 1 143
3372 9305 0 3375 2904 0 2 1 142
3374 2903 0 3374 9305 0 2 1 143
3374 2902 0 3374 9305 0 2 1 143
3372 2902 0 3374 9305 0 2 1 143
3372 2903 0 3374 9305 0 2 1 143
3372 2904 0 3374 9305 0 2 1 143
3372 2905 0 3374 9305 0 2 1 143
3372 2906 0 3374 9305 0 2 1 143
3372 2907 0 3374 9305 0 2 1 143
3374 2907 0 3374 9305 0 2 1 143
3334 2829 0 3338 2829 0 8 0 144
3338 2829 0 3334 2829 0 8 0 144
3334 2828 0 3338 2828 0 8 0 144
3338 2828 0 3334 2828 0 8 0 144
3334 2827 0 3338 2827 0 8 0 144
3338 2827 0 3334 2827 0 8 0 144
3338 2826 0 3334 2826 0 8 0 144
3334 2826 0 3338 2826 0 8 0 144
3348 2829 0 3352 2829 0 8 0 144
3352 2829 0 3348 2829 0 8 0 144
3348 2828 0 3352 2828 0 8 0 144
3352 2828 0 3348 2828 0 8 0 144
3348 2827 0 3352 2827 0 8 0 144
3352 2827 0 3348 2827 0 8 0 144
3284 2810 0 3283 2809 0 1 0 1
3283 2809 0 3283 2810 0 1 0 1
3283 2810 0 3283 2809 0 1 0 1
3284 2809 0 3283 2810 0 1 0 1
3317 2786 1 3317 2788 0 2 0 4
3317 2788 0 3317 2786 1 2 0 5
3317 2784 1 3317 2782 2 2 0 5
3317 2782 2 3317 2784 1 2 0 4
3316 2766 1 3316 2768 0 2 0 4
3316 2768 0 3316 2766 1 2 0 5
3315 2777 1 3315 2775 2 2 0 5
3315 2775 2 3315 2777 1 2 0 4
3314 2755 0 3314 2753 1 2 0 5
3314 2753 1 3314 2755 0 2 0 4
3315 2796 0 2800 5160 0 2 1 4
2799 5160 0 3315 2796 0 2 1 5
2800 5160 0 2166 4409 2 2 1 4
2166 4409 2 2800 5160 0 2 1 5
3286 9275 2 3286 9273 0 2 0 4
3286 9273 0 3286 9275 2 2 0 5
3323 9240 0 3323 9242 2 2 0 5
3323 9242 2 3323 9240 0 2 0 4
3317 9251 0 3317 9249 2 2 0 5
3317 9249 2 3317 9251 0 2 0 4
3317 9223 0 3317 9225 2 2 0 5
3317 9225 2 3317 9223 0 2 0 4
3268 9228 2 3257 9226 0 2 0 4
3257 9226 0 3268 9228 2 2 0 5
3267 9220 2 3267 9222 0 2 0 4
3267 9222 0 3267 9220 2 2 0 5
3270 9274 2 3272 9274 0 2 0 4
3272 9274 0 3270 9274 2 2 0 5
3272 9235 2 3270 9235 0 2 0 4
3270 9235 0 3272 9235 2 2 0 5
3280 9254 0 3280 9256 2 2 0 5
3280 9256 2 3280 9254 0 2 0 4
3307 2803 2 3309 2803 0 2 0 4
3309 2803 0 3307 2803 2 2 0 5
3283 2756 0 3283 2754 1 2 0 5
3283 2754 1 3283 2756 0 2 0 4
3281 2754 2 3281 2756 1 2 0 4
3281 2756 1 3281 2754 2 2 0 5
3277 2768 0 3279 2768 1 2 0 5
3279 2768 1 3277 2768 0 2 0 4
3285 2768 0 3283 2768 1 2 0 5
3283 2768 1 3285 2768 0 2 0 4
3283 2772 1 3283 2770 3 2 0 5
3283 2770 3 3283 2772 1 2 0 4
3279 2772 1 3279 2770 3 2 0 5
3279 2770 3 3279 2772 1 2 0 4
3320 2796 0 3321 2858 0 2 1 145
3322 2858 0 3319 2796 0 5 1 146
3347 2759 0 3349 2759 0 4 0 147
3349 2759 0 3347 2759 0 4 0 147
3233 2900 0 3233 2898 0 2 0 148
3232 2900 0 3232 2898 0 2 0 148
3233 2898 0 3233 2900 0 2 0 148
3232 2898 0 3232 2900 0 2 0 148
3232 2897 0 2913 4954 3 2 1 4
2913 4954 3 3233 2898 0 2 1 5
3233 2898 0 2913 4954 3 2 1 4
2914 4953 3 3233 2898 0 2 1 5
3234 2897 0 2913 4954 3 2 1 4
2912 4953 3 3233 2898 0 2 1 5
3233 2896 0 2913 4954 3 2 1 4
2913 4952 3 3233 2898 0 2 1 5
2909 4965 3 2846 4964 2 2 1 4
2846 4964 2 2909 4965 3 2 1 5
2908 4964 3 2846 4964 2 2 1 4
2845 4965 2 2909 4965 3 2 1 5
2910 4964 3 2846 4964 2 2 1 4
2845 4963 2 2909 4965 3 2 1 5
2909 4963 3 2846 4964 2 2 1 4
2844 4964 2 2909 4965 3 2 1 5
3233 2887 0 3233 9313 0 2 1 11
3233 9323 0 3233 9325 0 2 0 149
3233 9325 0 3233 9323 0 2 0 149
3234 9323 0 3234 9325 0 2 0 149
3234 9325 0 3234 9323 0 2 0 149
3233 9293 0 2783 4941 1 2 1 5
2783 4941 1 3233 9293 0 2 1 4
3232 9294 0 2783 4941 1 2 1 5
2784 4942 1 3233 9293 0 2 1 4
3232 9292 0 2783 4941 1 2 1 5
3231 9293 0 2783 4941 1 2 1 5
2785 4941 1 3233 9293 0 2 1 4
2784 4940 1 3233 9293 0 2 1 4
2782 4972 1 2845 4973 2 2 1 5
2845 4973 2 2782 4972 1 2 1 4
2781 4973 1 2845 4973 2 2 1 5
2782 4974 1 2845 4973 2 2 1 5
2783 4973 1 2845 4973 2 2 1 5
3226 3108 0 3483 9510 2 2 1 150
3483 9510 2 3226 3108 0 2 1 95
3226 3109 0 3483 9510 2 2 1 150
3227 3110 0 3483 9510 2 2 1 150
3228 3110 0 3483 9510 2 2 1 150
3227 3107 0 3483 9510 2 2 1 150
3228 3107 0 3483 9510 2 2 1 150
3229 3109 0 3483 9510 2 2 1 150
3229 3108 0 3483 9510 2 2 1 150
3484 9510 2 3226 3108 0 2 1 95
3483 9509 2 3226 3108 0 2 1 95
3514 9521 2 2711 5206 0 2 1 11
2711 5206 0 3514 9521 2 2 1 151
3514 9520 2 2711 5206 0 2 1 11
2711 5207 0 3514 9520 2 2 1 151
3508 9498 2 3508 9493 0 2 0 150
3508 9493 0 3508 9497 2 2 0 95
3508 9497 2 3508 9493 0 2 0 150
3507 9494 0 3508 9497 2 2 0 95
3509 9496 2 3508 9493 0 2 0 150
3510 9496 2 3508 9493 0 2 0 150
3508 9494 0 3508 9497 2 2 0 95
3509 9499 2 3508 9493 0 2 0 150
3510 9499 2 3508 9493 0 2 0 150
3511 9497 2 3508 9493 0 2 0 150
3511 9498 2 3508 9493 0 2 0 150
2705 5363 0 2705 5366 1 1 0 26
2706 5363 0 2705 5366 1 1 0 26
2705 5366 1 2705 5363 0 1 0 51
2706 5366 1 2705 5363 0 1 0 51
2720 5358 0 2720 5361 1 1 0 26
2721 5358 0 2720 5361 1 1 0 26
2720 5361 1 2720 5358 0 1 0 51
2721 5361 1 2720 5358 0 1 0 51
2747 5374 0 3317 9603 0 1 1 152
2748 5374 0 3317 9603 0 1 1 152
3317 9602 0 2747 5374 0 1 1 0
3318 9602 0 2748 5374 0 1 1 0
2736 5352 0 2733 5351 1 1 0 26
2736 5351 0 2733 5351 1 1 0 26
2733 5351 1 2736 5351 0 1 0 51
2733 5352 1 2736 5351 0 1 0 51
2727 5347 0 2731 5346 1 1 0 26
2727 5346 0 2731 5346 1 1 0 26
2731 5346 1 2727 5346 0 1 0 51
2731 5347 1 2727 5346 0 1 0 51
2694 5328 0 2694 5328 1 2 0 5
2694 5328 1 2694 5328 0 2 0 4
2705 5327 0 2701 5327 1 1 0 26
2705 5328 0 2701 5327 1 1 0 26
2701 5327 1 2705 5327 0 1 0 51
2701 5328 1 2705 5327 0 1 0 51
2738 5325 0 2738 5325 1 2 0 5
2738 5325 1 2738 5325 0 2 0 4
2705 5305 0 2701 5305 1 1 0 26
2705 5306 0 2701 5305 1 1 0 26
2701 5305 1 2705 5305 0 1 0 51
2701 5306 1 2705 5305 0 1 0 51
2730 5306 0 2734 5306 1 1 0 26
2730 5307 0 2734 5306 1 1 0 26
2734 5306 1 2730 5306 0 1 0 51
2734 5307 1 2730 5306 0 1 0 51
2729 5304 0 2729 5300 1 1 0 26
2730 5304 0 2729 5300 1 1 0 26
2729 5300 1 2729 5304 0 1 0 51
2730 5300 1 2729 5304 0 1 0 51
2713 5293 0 2709 5293 1 1 0 26
2713 5294 0 2709 5293 1 1 0 26
2709 5293 1 2713 5293 0 1 0 51
2709 5294 1 2713 5293 0 1 0 51
2721 5292 0 2725 5292 1 1 0 26
2721 5293 0 2725 5292 1 1 0 26
2725 5292 1 2721 5292 0 1 0 51
2725 5293 1 2721 5292 0 1 0 51
2713 5285 0 2713 5281 1 1 0 26
2714 5285 0 2713 5281 1 1 0 26
2713 5281 1 2713 5285 0 1 0 51
2714 5281 1 2713 5285 0 1 0 51
2713 5277 0 2713 5281 1 1 0 26
2714 5277 0 2713 5281 1 1 0 26
2713 5281 1 2713 5277 0 1 0 51
2714 5281 1 2713 5277 0 1 0 51
2708 5275 0 2708 5275 1 2 0 5
2708 5275 1 2708 5275 0 2 0 4
2722 5276 0 2722 5272 1 1 0 26
2723 5276 0 2722 5272 1 1 0 26
2722 5272 1 2722 5276 0 1 0 51
2723 5272 1 2722 5276 0 1 0 51
2733 5275 0 2733 5278 1 1 0 26
2734 5275 0 2733 5278 1 1 0 26
2733 5278 1 2733 5275 0 1 0 51
2734 5278 1 2733 5275 0 1 0 51
2738 5277 0 2738 5281 1 1 0 26
2739 5277 0 2738 5281 1 1 0 26
2738 5281 1 2738 5277 0 1 0 51
2739 5281 1 2738 5277 0 1 0 51
2722 5268 0 2722 5272 1 1 0 26
2723 5268 0 2722 5272 1 1 0 26
2722 5272 1 2722 5268 0 1 0 51
2723 5272 1 2722 5268 0 1 0 51
2722 5260 0 2722 5257 1 1 0 26
2723 5260 0 2722 5257 1 1 0 26
2722 5257 1 2722 5260 0 1 0 51
2723 5257 1 2722 5260 0 1 0 51
2703 5363 1 2703 5363 2 2 0 5
2703 5363 2 2703 5363 1 2 0 4
2740 5359 1 2740 5362 2 1 0 26
2741 5359 1 2740 5362 2 1 0 26
2740 5362 2 2740 5359 1 1 0 51
2741 5362 2 2740 5359 1 1 0 51
2745 5355 1 2745 5355 2 1 0 5
2745 5355 2 2745 5355 1 1 0 4
2698 5304 1 2695 5304 2 1 0 26
2695 5304 2 2698 5304 1 1 0 51
2739 5296 1 2742 5296 2 1 0 26
2742 5296 2 2739 5296 1 1 0 51
2696 5291 1 2696 5294 2 1 0 26
2697 5291 1 2696 5294 2 1 0 26
2696 5294 2 2696 5291 1 1 0 51
2697 5294 2 2696 5291 1 1 0 51
2743 5286 1 2743 5289 2 1 0 26
2743 5289 2 2743 5286 1 1 0 51
2739 5260 1 2739 5257 2 1 0 26
2740 5260 1 2739 5257 2 1 0 26
2739 5257 2 2739 5260 1 1 0 51
2740 5257 2 2739 5260 1 1 0 51
2722 5255 1 2722 5249 3 1 0 26
2723 5255 1 2722 5249 3 1 0 26
2722 5249 3 2722 5255 1 1 0 51
2723 5249 3 2722 5255 1 1 0 51
2715 5241 0 2719 5241 3 2 0 5
2719 5241 3 2715 5241 0 2 0 153
2719 5242 3 2715 5241 0 2 0 153
3491 3090 0 2721 4886 0 1 1 3
2721 4886 0 3491 3090 0 1 1 2
2720 4885 0 3491 3090 0 1 1 2
2720 4884 0 3491 3090 0 1 1 2
2722 4886 0 3491 3090 0 1 1 2
2723 4885 0 3491 3090 0 1 1 2
2723 4884 0 3491 3090 0 1 1 2
2722 4883 0 3491 3090 0 1 1 2
2721 4883 0 3491 3090 0 1 1 2
2719 4913 0 2720 4884 2 1 0 99
2721 4911 0 2720 4884 2 1 0 99
2720 4911 0 2720 4884 2 1 0 99
2719 4912 0 2720 4884 2 1 0 99
2722 4911 0 2720 4884 2 1 0 99
2723 4911 0 2720 4884 2 1 0 99
2724 4912 0 2720 4884 2 1 0 99
2724 4913 0 2720 4884 2 1 0 99
2723 4914 0 2720 4884 2 1 0 99
2722 4914 0 2720 4884 2 1 0 99
2721 4914 0 2720 4884 2 1 0 99
2720 4914 0 2720 4884 2 1 0 99
3371 3129 0 3349 9536 0 2 1 154
3349 9536 0 3371 3129 0 2 1 155
3364 3002 0 3364 3002 1 2 0 5
3364 3002 1 3364 3002 0 2 0 4
3368 2991 0 3368 2991 1 2 0 5
3368 2991 1 3368 2991 0 2 0 4
3349 2963 1 3349 2963 0 2 0 4
3356 2982 1 3356 2982 2 2 0 5
3356 2982 2 3356 2982 1 2 0 4
3370 2971 0 3371 2971 0 1 0 0
3371 2971 0 3370 2971 0 1 0 0
3370 2970 0 3371 2970 0 1 0 0
3371 2970 0 3370 2970 0 1 0 0
3373 2977 0 3374 2979 1 1 0 2
3374 2979 1 3373 2977 0 1 0 3
3374 2978 1 3373 2977 0 1 0 3
3353 2961 0 3354 2958 1 1 0 2
3354 2958 1 3353 2961 0 1 0 3
3354 2959 1 3353 2961 0 1 0 3
3310 2961 0 3206 9379 0 2 1 156
3206 9379 0 3310 2961 0 2 1 95
3309 2962 0 3206 9379 0 2 1 156
3205 9380 0 3310 2961 0 2 1 95
3311 2962 0 3206 9379 0 2 1 156
3204 9379 0 3310 2961 0 2 1 95
3310 2963 0 3206 9379 0 2 1 156
3205 9378 0 3310 2961 0 2 1 95
3304 9376 0 3305 9376 0 2 0 1
3305 9376 0 3304 9376 0 2 0 1
3304 9375 0 3305 9375 0 2 0 1
3305 9375 0 3304 9375 0 2 0 1
3321 3122 0 3305 9497 0 2 1 91
3305 9497 0 3321 3122 0 2 1 137
3696 2996 0 3696 2996 1 2 0 157
3696 2996 1 3696 2996 0 2 0 158
3653 2991 1 3653 2991 0 2 0 158
3653 2991 0 3653 2991 1 2 0 157
3664 2992 1 3664 2992 0 2 0 158
3664 2992 0 3664 2992 1 2 0 157
3667 2983 0 3667 2983 1 2 0 157
3667 2983 1 3667 2983 0 2 0 158
3669 2977 0 3669 2977 1 2 0 157
3669 2977 1 3669 2977 0 2 0 158
3684 2953 0 3684 2950 1 3 0 27
3684 2950 1 3684 2953 0 3 0 27
3685 2950 1 3687 2950 2 2 0 52
3687 2950 2 3685 2950 1 2 0 53
3685 2946 1 3687 2946 2 2 0 52
3687 2946 2 3685 2946 1 2 0 53
3677 2948 1 3677 2948 0 2 0 53
3677 2948 0 3677 2948 1 2 0 52
3671 2931 0 3668 2931 1 3 0 27
3668 2931 1 3671 2931 0 3 0 27
3749 2973 0 3748 9373 0 2 1 23
3748 9373 0 3749 2973 0 2 1 159
3748 9374 0 3749 2973 0 2 1 159
3814 3061 0 3814 9464 0 1 1 3
3815 3061 0 3814 9464 0 1 1 3
3813 3062 0 3814 9464 0 1 1 3
3816 3062 0 3814 9464 0 1 1 3
3814 9464 0 3814 3061 0 1 1 2
3815 9464 0 3814 3061 0 1 1 2
3813 9463 0 3814 3061 0 1 1 2
3816 9463 0 3814 3061 0 1 1 2
3816 3063 0 3814 9464 0 1 1 3
3813 9462 0 3814 3061 0 1 1 2
3814 9461 0 3814 3061 0 1 1 2
3815 9461 0 3814 3061 0 1 1 2
3816 9462 0 3814 3061 0 1 1 2
3680 2963 0 3786 2824 0 2 1 160
3786 2824 0 3680 2963 0 2 1 160
3794 2844 0 3785 9254 0 2 1 161
3785 9254 0 3796 2843 0 2 1 162
3804 2844 0 3806 2844 0 1 0 0
3806 2844 0 3804 2844 0 1 0 0
3816 2847 0 3817 2847 0 1 0 0
3817 2847 0 3816 2847 0 1 0 0
3818 2853 1 3818 2851 0 2 0 4
3818 2851 0 3818 2853 1 2 0 5
3816 2841 0 3817 2841 0 2 0 0
3817 2841 0 3816 2841 0 2 0 0
3787 2821 0 3787 2822 0 2 0 7
3787 2822 0 3787 2821 0 2 0 7
3786 2821 0 3786 2822 0 2 0 7
3786 2822 0 3786 2821 0 2 0 7
3784 2825 0 3784 2825 1 2 0 5
3784 2825 1 3784 2825 0 2 0 4
3784 2825 1 3784 2825 2 2 0 5
3784 2825 2 3784 2825 1 2 0 4
3788 2826 0 3788 9226 0 2 1 4
3788 9226 0 3788 2826 0 2 1 5
3829 3061 0 3829 9464 0 1 1 3
3829 9464 0 3829 3061 0 1 1 2
3830 3061 0 3829 9464 0 1 1 3
3830 9464 0 3829 3061 0 1 1 2
3828 3062 0 3829 9464 0 1 1 3
3828 9463 0 3829 3061 0 1 1 2
3828 3063 0 3829 9464 0 1 1 3
3831 9463 0 3829 3061 0 1 1 2
3829 3064 0 3829 9464 0 1 1 3
3828 9462 0 3829 3061 0 1 1 2
3830 3064 0 3829 9464 0 1 1 3
3829 9461 0 3829 3061 0 1 1 2
3831 3062 0 3829 9464 0 1 1 3
3830 9461 0 3829 3061 0 1 1 2
3831 3063 0 3829 9464 0 1 1 3
3831 9462 0 3829 3061 0 1 1 2
3495 3465 0 3477 9845 0 2 1 89
3477 9845 0 3495 3465 0 2 1 5
3495 3464 0 3477 9845 0 2 1 89
3478 9846 0 3495 3465 0 2 1 5
3476 9846 0 3495 3465 0 2 1 5
3477 9847 0 3495 3465 0 2 1 5
3502 3432 0 3502 3425 0 2 0 163
3502 3425 0 3502 3432 0 2 0 163
3503 3431 0 3502 3425 0 2 0 163
3501 3426 0 3502 3432 0 2 0 163
3484 3244 0 3484 3243 0 2 0 1
3484 3243 0 3484 3244 0 2 0 1
3485 3244 0 3485 3243 0 2 0 1
3485 3243 0 3485 3244 0 2 0 1
3513 3237 0 3513 3239 2 2 0 5
3513 3239 2 3513 3237 0 2 0 4
3474 3221 0 3473 3221 0 2 0 164
3473 3221 0 3475 3221 0 2 0 164
3538 3262 0 3538 3260 0 6 0 165
3538 3260 0 3538 3262 0 6 0 165
3582 3264 0 3582 3262 0 6 0 165
3582 3262 0 3582 3264 0 6 0 165
3446 3236 0 3444 3236 0 2 0 166
3444 3236 0 3446 3236 0 2 0 166
3441 3232 0 3436 9637 0 2 1 167
3436 9637 0 3441 3232 0 2 1 168
3435 9635 0 2800 4429 0 2 1 168
2800 4429 0 3435 9635 0 2 1 168
2758 4454 0 2691 4437 0 2 1 30
2712 4593 0 2691 4437 0 2 1 30
2712 4592 0 2691 4437 0 2 1 30
2730 4563 0 2750 4437 0 2 1 30
2730 4562 0 2750 4437 0 2 1 30
2691 4437 0 2712 4593 0 2 1 20
2691 4438 0 2712 4593 0 2 1 20
2750 4437 0 2730 4563 0 2 1 20
2750 4438 0 2730 4563 0 2 1 20
2750 4436 0 2730 4563 0 2 1 20
2807 4493 0 2725 4452 0 2 1 169
2725 4452 0 2807 4493 0 2 1 170
2724 4452 0 2807 4493 0 2 1 170
2723 4452 0 2807 4493 0 2 1 170
2722 4452 0 2807 4493 0 2 1 170
2797 4529 0 2733 4529 0 2 1 5
2733 4529 0 2797 4529 0 2 1 4
2796 4528 0 2732 4528 0 2 1 5
2732 4528 0 2796 4528 0 2 1 4
2796 4530 0 2732 4530 0 2 1 5
2731 4529 0 2795 4529 0 2 1 4
2795 4529 0 2731 4529 0 2 1 5
2732 4530 0 2796 4530 0 2 1 4
2733 4534 0 2797 4598 0 2 1 5
2797 4598 0 2733 4534 0 2 1 4
2732 4535 0 2796 4599 0 2 1 5
2796 4599 0 2732 4535 0 2 1 4
2733 4536 0 2797 4600 0 2 1 5
2797 4600 0 2733 4536 0 2 1 4
2734 4535 0 2798 4599 0 2 1 5
2798 4599 0 2734 4535 0 2 1 4
2710 4539 0 2774 4539 0 2 1 4
2774 4539 0 2710 4539 0 2 1 5
2711 4540 0 2775 4540 0 2 1 4
2775 4540 0 2711 4540 0 2 1 5
2709 4540 0 2773 4540 0 2 1 4
2773 4540 0 2709 4540 0 2 1 5
2710 4541 0 2774 4541 0 2 1 4
2774 4541 0 2710 4541 0 2 1 5
2760 4496 0 2696 4496 0 2 1 5
2696 4496 0 2760 4496 0 2 1 4
2761 4497 0 2697 4497 0 2 1 5
2697 4497 0 2761 4497 0 2 1 4
2760 4498 0 2696 4498 0 2 1 5
2696 4498 0 2760 4498 0 2 1 4
2759 4497 0 2695 4497 0 2 1 5
2695 4497 0 2759 4497 0 2 1 4
2773 4578 0 3413 9634 0 2 1 5
3413 9634 0 2773 4578 0 2 1 4
2774 4577 0 3414 9633 0 2 1 5
3414 9633 0 2774 4577 0 2 1 4
2773 4576 0 3413 9632 0 2 1 5
3413 9632 0 2773 4576 0 2 1 4
2772 4577 0 3412 9633 0 2 1 5
3412 9633 0 2772 4577 0 2 1 4
3405 9631 0 3429 3233 0 2 1 168
3429 3233 0 3405 9631 0 2 1 167
3428 3225 0 3409 9623 0 2 1 167
3409 9623 0 3428 3225 0 2 1 168
3423 9625 0 2783 4569 0 2 1 4
2783 4569 0 3423 9625 0 2 1 5
3422 9624 0 2782 4568 0 2 1 4
2782 4568 0 3422 9624 0 2 1 5
3421 9625 0 2781 4569 0 2 1 4
2781 4569 0 3421 9625 0 2 1 5
3422 9626 0 2782 4570 0 2 1 4
2782 4570 0 3422 9626 0 2 1 5
2798 4568 0 2734 4504 0 2 1 4
2734 4504 0 2798 4568 0 2 1 5
2797 4567 0 2733 4503 0 2 1 4
2733 4503 0 2797 4567 0 2 1 5
2798 4566 0 2734 4502 0 2 1 4
2734 4502 0 2798 4566 0 2 1 5
2799 4567 0 2735 4503 0 2 1 4
2735 4503 0 2799 4567 0 2 1 5
2724 4486 0 2788 4486 0 2 1 4
2788 4486 0 2724 4486 0 2 1 5
2725 4487 0 2789 4487 0 2 1 4
2789 4487 0 2725 4487 0 2 1 5
2726 4486 0 2790 4486 0 2 1 4
2790 4486 0 2726 4486 0 2 1 5
2725 4485 0 2789 4485 0 2 1 4
2789 4485 0 2725 4485 0 2 1 5
3454 3242 0 2792 4592 0 2 1 20
2792 4592 0 3454 3242 0 2 1 30
2791 4592 0 3454 3242 0 2 1 30
2772 4449 0 2772 4450 0 2 0 7
2773 4449 0 2773 4450 0 2 0 7
2758 4453 0 2691 4437 0 2 1 30
2811 4454 0 2750 4437 0 2 1 30
2811 4453 0 2750 4437 0 2 1 30
2750 4438 0 2811 4454 0 2 1 20
2750 4437 0 2811 4454 0 2 1 20
2750 4436 0 2811 4454 0 2 1 20
2799 4453 0 2798 4453 0 2 0 0
2798 4453 0 2799 4453 0 2 0 0
2691 4438 0 2758 4454 0 2 1 20
2691 4437 0 2758 4454 0 2 1 20
2773 4450 0 2773 4449 0 2 0 7
2772 4450 0 2772 4449 0 2 0 7
3424 9660 0 3166 4547 0 2 1 171
3166 4547 0 3424 9660 0 2 1 132
3158 4552 0 3158 4557 1 2 0 132
3158 4557 1 3158 4552 0 2 0 19
3174 4561 1 3179 4561 0 2 0 132
3179 4561 0 3174 4561 1 2 0 132
3195 4570 0 3195 4575 1 2 0 132
3195 4575 1 3195 4570 0 2 0 132
3186 4585 1 3186 4578 2 2 0 132
3186 4578 2 3186 4585 1 2 0 132
3184 4585 1 3184 4579 0 2 0 132
3184 4579 0 3184 4585 1 2 0 132
3184 4571 0 3184 4566 1 2 0 132
3184 4566 1 3184 4571 0 2 0 132
3184 4552 0 3184 4557 1 2 0 132
3184 4557 1 3184 4552 0 2 0 19
3158 4563 1 3158 4568 2 2 0 132
3158 4568 2 3158 4563 1 2 0 19
3172 4569 1 3167 4569 0 2 0 19
3167 4569 0 3172 4569 1 2 0 132
3163 4565 0 3163 4560 0 2 0 132
3163 4560 0 3163 4565 0 2 0 132
3161 4559 0 3155 4559 0 2 0 132
3155 4559 0 3161 4559 0 2 0 132
3148 4548 0 3143 4548 1 2 0 132
3143 4548 1 3148 4548 0 2 0 19
3141 4550 1 3141 4555 2 2 0 132
3141 4555 2 3141 4550 1 2 0 19
3141 4560 2 3141 4565 1 2 0 132
3141 4565 1 3141 4560 2 2 0 132
3144 4566 1 3144 4571 2 2 0 132
3144 4571 2 3144 4566 1 2 0 132
3144 4576 2 3144 4574 2 2 0 141
3144 4574 2 3144 4572 2 2 0 172
3144 4572 2 3144 4574 2 2 0 141
3144 4574 2 3144 4576 2 2 0 172
3144 4577 2 3144 4582 1 2 0 132
3144 4582 1 3144 4577 2 2 0 132
3146 4583 1 3151 4583 0 2 0 132
3151 4583 0 3146 4583 1 2 0 132
3161 4577 0 3166 4577 0 2 0 132
3166 4577 0 3161 4577 0 2 0 132
3170 4577 0 3175 4577 1 2 0 132
3175 4577 1 3170 4577 0 2 0 132
3176 4577 1 3181 4577 2 2 0 132
3181 4577 2 3176 4577 1 2 0 132
3189 4577 2 3194 4577 1 2 0 132
3194 4577 1 3189 4577 2 2 0 132
3184 4564 1 3184 4562 1 2 0 141
3184 4562 1 3184 4560 1 2 0 141
3184 4560 1 3184 4558 1 2 0 172
3184 4558 1 3184 4560 1 2 0 141
3184 4560 1 3184 4562 1 2 0 141
3184 4562 1 3184 4564 1 2 0 172
3168 4579 0 3168 4586 0 2 0 132
3168 4586 0 3168 4579 0 2 0 132
3168 4592 0 3168 4597 0 2 0 132
3168 4597 0 3168 4592 0 2 0 132
3160 4598 0 3149 4598 0 2 0 132
3149 4598 0 3160 4598 0 2 0 132
3145 4594 0 3145 4589 1 2 0 132
3145 4589 1 3145 4594 0 2 0 132
3161 4589 1 3166 4589 0 2 0 132
3166 4589 0 3161 4589 1 2 0 132
3150 4597 1 3148 4597 1 2 0 141
3148 4597 1 3150 4597 1 2 0 172
3148 4597 1 3148 4595 1 2 0 141
3148 4595 1 3148 4597 1 2 0 141
3148 4595 1 3146 4595 1 2 0 141
3146 4595 1 3148 4595 1 2 0 141
3146 4595 1 3144 4595 1 2 0 141
3144 4595 1 3146 4595 1 2 0 141
3144 4595 1 3142 4595 1 2 0 141
3142 4595 1 3144 4595 1 2 0 141
3142 4595 1 3140 4595 1 2 0 172
3140 4595 1 3142 4595 1 2 0 141
3144 4595 1 3144 4597 1 2 0 141
3144 4597 1 3144 4599 1 2 0 141
3144 4599 1 3144 4601 1 2 0 172
3144 4601 1 3144 4599 1 2 0 141
3144 4599 1 3144 4597 1 2 0 141
3144 4597 1 3144 4595 1 2 0 141
3175 4598 1 3179 4598 1 2 0 132
3179 4598 1 3175 4598 1 2 0 132
3180 4596 1 3182 4596 1 2 0 141
3182 4596 1 3180 4596 1 2 0 172
3180 4600 1 3182 4600 1 2 0 141
3182 4600 1 3180 4600 1 2 0 172
3184 4600 1 3182 4600 1 2 0 141
3182 4600 1 3184 4600 1 2 0 141
3184 4600 1 3184 4598 1 2 0 141
3184 4598 1 3184 4600 1 2 0 141
3184 4598 1 3186 4598 1 2 0 141
3186 4598 1 3184 4598 1 2 0 141
3186 4598 1 3186 4596 1 2 0 141
3186 4596 1 3186 4598 1 2 0 141
3186 4596 1 3188 4596 1 2 0 141
3188 4596 1 3186 4596 1 2 0 141
3188 4596 1 3190 4596 1 2 0 172
3190 4596 1 3188 4596 1 2 0 141
3190 4600 1 3188 4600 1 2 0 141
3188 4600 1 3190 4600 1 2 0 172
3194 4598 1 3189 4598 0 2 0 19
3189 4598 0 3194 4598 1 2 0 132
3185 4601 0 3149 4644 0 2 1 132
3149 4644 0 3185 4601 0 2 1 132
3440 3331 0 3441 3329 0 2 0 173
3441 3329 0 3440 3331 0 2 0 173
3441 3331 0 3441 3329 0 2 0 173
3440 3329 0 3440 3331 0 2 0 173
3441 3328 0 3440 3331 0 2 0 173
3440 3332 0 3441 3329 0 2 0 173
3440 3328 0 3440 3331 0 2 0 173
3441 3332 0 3441 3329 0 2 0 173
3440 3337 0 3442 9734 1 2 1 174
3442 9734 1 3440 3337 0 2 1 175
3439 3337 0 3442 9734 1 2 1 174
3441 3337 0 3442 9734 1 2 1 174
3444 3458 0 3444 3457 0 2 0 1
3443 3458 0 3443 3457 0 2 0 1
3444 3457 0 3444 3458 0 2 0 1
3443 3457 0 3443 3458 0 2 0 1
3405 3506 0 3405 9906 0 2 1 6
3405 9906 0 3405 3506 0 2 1 5
3405 9895 0 3405 9894 0 2 0 1
3405 9894 0 3405 9895 0 2 0 1
3431 9897 0 3432 9897 0 2 0 1
3432 9897 0 3431 9897 0 2 0 1
3360 9904 0 3440 9899 0 2 1 5
3440 9899 0 3360 9904 0 2 1 6
3440 9887 0 3423 3485 0 2 1 176
3423 3485 0 3440 9887 0 2 1 6
3422 3484 0 3440 9887 0 2 1 6
3408 3489 0 3409 3489 0 2 0 7
3409 3489 0 3408 3489 0 2 0 7
3408 3488 0 3409 3488 0 2 0 7
3409 3488 0 3408 3488 0 2 0 7
3417 3494 0 3416 3493 1 1 0 2
3416 3493 1 3417 3494 0 1 0 3
3416 3493 0 3416 3493 1 1 0 2
3416 3492 0 3416 3493 1 1 0 2
3417 3491 0 3416 3493 1 1 0 2
3418 3491 0 3416 3493 1 1 0 2
3416 3485 0 3416 3485 1 1 0 2
3416 3485 1 3417 3486 0 1 0 3
3417 3486 0 3416 3485 1 1 0 2
3418 3486 0 3416 3485 1 1 0 2
3416 3484 0 3416 3485 1 1 0 2
3417 3483 0 3416 3485 1 1 0 2
3410 3486 1 3410 3486 2 2 0 5
3410 3486 2 3410 3486 1 2 0 4
3411 3485 1 3411 3485 2 2 0 5
3411 3485 2 3411 3485 1 2 0 4
3410 3484 1 3410 3484 2 2 0 5
3410 3484 2 3410 3484 1 2 0 4
3409 3485 1 3409 3485 2 2 0 5
3409 3485 2 3409 3485 1 2 0 4
3415 3489 2 3416 3489 2 2 0 177
3416 3489 2 3415 3489 2 2 0 177
3194 2926 0 3124 9328 1 2 1 178
3124 9328 1 3194 2926 0 2 1 179
3195 2925 0 3124 9328 1 2 1 178
3125 9328 1 3194 2926 0 2 1 179
3193 2925 0 3124 9328 1 2 1 178
3126 9329 1 3194 2926 0 2 1 179
3194 2924 0 3124 9328 1 2 1 178
3126 9330 1 3194 2926 0 2 1 179
3127 9328 1 3127 9330 0 2 0 4
3127 9330 0 3127 9330 1 2 0 5
3127 9330 1 3127 9330 0 2 0 4
3128 9329 1 3127 9330 0 2 0 4
3126 9329 1 3127 9330 0 2 0 4
3129 9290 0 3129 9289 0 1 0 0
3129 9289 0 3129 9290 0 1 0 0
3122 9286 0 3122 9286 1 2 0 5
3122 9286 1 3122 9286 0 2 0 4
3121 9287 1 3122 9286 0 2 0 4
3120 9286 1 3122 9286 0 2 0 4
3121 9285 1 3122 9286 0 2 0 4
3121 9288 1 3189 2889 0 2 1 179
3189 2889 0 3120 9288 1 2 1 178
3120 9288 1 3189 2889 0 2 1 179
3190 2888 0 3120 9288 1 2 1 178
3122 9289 1 3189 2889 0 2 1 179
3188 2888 0 3120 9288 1 2 1 178
3122 9290 1 3189 2889 0 2 1 179
3189 2887 0 3120 9288 1 2 1 178
3104 9305 0 3104 9306 0 1 0 0
3104 9306 0 3104 9305 0 1 0 0
3110 9312 0 3111 9312 0 1 0 0
3111 9312 0 3110 9312 0 1 0 0
3104 9318 0 3104 9319 0 1 0 0
3104 9319 0 3104 9318 0 1 0 0
3088 9336 1 3088 9336 0 2 0 4
3087 9337 1 3088 9336 0 2 0 4
3086 9336 0 3088 9336 1 2 0 5
3086 9336 1 3088 9336 0 2 0 4
3087 9335 1 3088 9336 0 2 0 4
3088 9335 1 3148 2938 0 2 1 179
3148 2938 0 3086 9333 1 2 1 178
3086 9333 1 3148 2938 0 2 1 179
3149 2937 0 3086 9333 1 2 1 178
3086 9334 1 3148 2938 0 2 1 179
3147 2937 0 3086 9333 1 2 1 178
3087 9335 1 3148 2938 0 2 1 179
3148 2936 0 3086 9333 1 2 1 178
3079 9335 0 3079 9334 0 1 0 0
3079 9334 0 3079 9335 0 1 0 0
3079 9307 1 3079 9307 0 2 0 4
3078 9306 1 3079 9307 0 2 0 4
3079 9305 0 3079 9307 1 2 0 5
3079 9305 1 3079 9307 0 2 0 4
3080 9306 1 3079 9307 0 2 0 4
3080 9306 1 3146 2909 0 2 1 179
3146 2909 0 3080 9306 1 2 1 178
3080 9307 1 3146 2909 0 2 1 179
3145 2908 0 3080 9306 1 2 1 178
3081 9305 1 3146 2909 0 2 1 179
3146 2907 0 3080 9306 1 2 1 178
3082 9305 1 3146 2909 0 2 1 179
3147 2908 0 3080 9306 1 2 1 178
3081 9287 0 3082 9287 0 1 0 0
3082 9287 0 3081 9287 0 1 0 0
3097 9312 0 3098 9312 0 1 0 0
3098 9312 0 3097 9312 0 1 0 0
3104 9308 0 3104 9310 1 2 0 5
3104 9310 1 3104 9310 0 2 0 4
3103 9309 1 3104 9310 0 2 0 4
3104 9308 1 3104 9310 0 2 0 4
3105 9309 1 3104 9310 0 2 0 4
3103 9318 1 3103 9320 1 2 0 180
3103 9320 1 3103 9318 1 2 0 180
3104 9318 1 3104 9320 1 2 0 180
3104 9320 1 3104 9318 1 2 0 180
3105 9318 1 3105 9320 1 2 0 180
3105 9320 1 3105 9318 1 2 0 180
3104 9331 1 3105 9332 2 2 0 5
3105 9332 2 3105 9332 1 2 0 4
3104 9331 2 3105 9332 1 2 0 4
3104 9333 2 3105 9332 1 2 0 4
3103 9332 2 3105 9332 1 2 0 4
3105 9308 2 3105 9306 2 2 0 181
3105 9306 2 3105 9308 2 2 0 181
3104 9308 2 3104 9306 2 2 0 182
3104 9306 2 3104 9308 2 2 0 182
3105 9301 2 3105 9299 1 2 0 183
3105 9299 1 3105 9301 2 2 0 184
3104 9301 2 3104 9299 1 2 0 183
3104 9299 1 3104 9301 2 2 0 184
3105 9284 2 3105 9286 1 2 0 183
3105 9286 1 3105 9284 2 2 0 184
3104 9284 2 3104 9286 1 2 0 183
3104 9286 1 3104 9284 2 2 0 184
3127 9337 0 3126 9337 0 1 0 0
3126 9337 0 3127 9337 0 1 0 0
2666 3694 0 2666 3694 1 2 0 5
2666 3694 1 2666 3694 0 2 0 4
2764 3666 0 2766 3663 0 1 0 185
2761 3657 0 2761 3660 0 4 0 186
2761 3660 0 2761 3657 0 4 0 186
2465 4010 0 2461 10417 0 2 1 91
2461 10417 0 2465 4010 0 2 1 187
2468 10403 0 2471 10403 0 2 0 57
2471 10403 0 2468 10403 0 2 0 57
2213 3794 0 2213 3796 1 2 0 162
2213 3796 1 2213 3794 0 2 0 162
2214 3802 1 2214 3800 2 2 0 162
2214 3800 2 2214 3802 1 2 0 162
2221 3795 2 2221 3792 3 2 0 19
2221 3792 3 2221 3795 2 2 0 19
2227 3795 2 2227 3792 3 2 0 19
2227 3792 3 2227 3795 2 2 0 19
2220 3792 2 2223 3792 1 2 0 19
2223 3792 1 2220 3792 2 2 0 19
2225 3792 1 2228 3792 2 2 0 19
2228 3792 2 2225 3792 1 2 0 19
2225 3806 1 2225 3809 0 2 0 19
2225 3809 0 2225 3806 1 2 0 19
2221 3805 2 2221 3808 3 2 0 19
2221 3808 3 2221 3805 2 2 0 19
2227 3805 2 2227 3808 3 2 0 19
2227 3808 3 2227 3805 2 2 0 19
2213 3809 1 2211 3809 0 2 0 162
2211 3809 0 2213 3809 1 2 0 162
2509 3847 0 2509 10245 0 2 1 4
2509 10245 0 2510 3846 0 2 1 5
2505 10280 0 2505 10283 0 2 0 188
2505 10283 0 2505 10280 0 2 0 188
2507 10288 0 2509 10288 1 2 0 189
2509 10288 1 2507 10288 0 2 0 190
2508 10289 0 2509 10288 1 2 0 189
2510 10287 1 2514 10291 0 2 0 11
2514 10291 0 2510 10287 1 2 0 11
2539 10299 0 2543 10299 0 2 0 85
2540 10296 0 2536 10296 0 2 0 85
2549 10288 0 2547 10288 0 2 0 191
2547 10288 0 2549 10288 0 2 0 191
2546 10287 0 2544 10287 0 2 0 191
2544 10287 0 2546 10287 0 2 0 191
2543 10287 0 2541 10287 0 2 0 191
2541 10287 0 2543 10287 0 2 0 191
2540 10286 0 2538 10286 0 2 0 191
2538 10286 0 2540 10286 0 2 0 191
2585 10259 0 2585 10262 0 2 0 188
2585 10262 0 2585 10259 0 2 0 188
2618 10266 0 2620 3864 0 2 1 76
2620 3864 0 2619 10265 0 2 1 192
2619 10265 0 2620 3864 0 2 1 76
2619 3865 0 2619 10265 0 2 1 192
2618 10264 0 2620 3864 0 2 1 76
2617 10265 0 2620 3864 0 2 1 76
2621 3865 0 2619 10265 0 2 1 192
2614 3866 0 2615 3867 1 1 0 2
2615 3867 1 2614 3866 0 1 0 3
2613 3866 0 2615 3867 1 1 0 2
2612 3867 0 2615 3867 1 1 0 2
2612 3868 0 2615 3867 1 1 0 2
2613 3869 0 2615 3867 1 1 0 2
2614 3869 0 2615 3867 1 1 0 2
2615 3868 0 2615 3867 1 1 0 2
2615 3867 0 2615 3867 1 1 0 2
2506 3870 0 2507 3871 1 1 0 2
2507 3871 1 2506 3870 0 1 0 3
2505 3870 0 2507 3871 1 1 0 2
2506 3870 1 2506 3870 0 1 0 3
2504 3871 0 2507 3871 1 1 0 2
2507 3871 0 2507 3871 1 1 0 2
2507 3872 0 2507 3871 1 1 0 2
2504 3872 0 2507 3871 1 1 0 2
2506 3870 1 2507 3871 2 1 0 2
2507 3871 2 2506 3870 1 1 0 3
2507 3871 1 2507 3871 2 1 0 2
2506 3870 2 2506 3870 1 1 0 3
2507 3871 2 2507 3871 3 1 0 2
2507 3871 3 2506 3870 2 1 0 3
2506 3870 2 2507 3871 3 1 0 2
2506 3856 1 2506 3857 1 2 0 193
2506 3857 1 2506 3856 1 2 0 193
2506 3863 1 2506 3864 1 2 0 193
2506 3864 1 2506 3863 1 2 0 193
2505 3850 1 2505 3850 0 1 0 3
2505 3850 0 2504 3849 1 1 0 2
2504 3849 1 2505 3850 0 1 0 3
2506 3850 0 2504 3849 1 1 0 2
2507 3849 0 2504 3849 1 1 0 2
2507 3848 0 2504 3849 1 1 0 2
2506 3847 0 2504 3849 1 1 0 2
2505 3847 0 2504 3849 1 1 0 2
2504 3849 0 2504 3849 1 1 0 2
2504 3848 0 2504 3849 1 1 0 2
2504 3849 2 2505 3850 1 1 0 3
2505 3850 1 2504 3849 2 1 0 2
2505 3850 2 2505 3850 1 1 0 3
2504 3849 1 2504 3849 2 1 0 2
2504 3849 2 2504 3849 3 1 0 2
2504 3849 3 2505 3850 2 1 0 3
2505 3850 2 2504 3849 3 1 0 2
2266 4039 0 2264 4039 0 2 0 194
2264 4039 0 2266 4039 0 2 0 194
2263 4040 0 2263 4048 0 2 0 195
2263 4048 0 2263 4040 0 2 0 196
2247 4078 0 2259 10482 0 2 1 91
2259 10482 0 2247 4078 0 2 1 134
2331 3810 0 2329 3810 1 2 0 5
2329 3810 1 2331 3810 0 2 0 4
2410 3824 0 2410 3824 2 2 0 5
2410 3824 2 2410 3824 0 2 0 4
2421 3824 0 2421 3824 2 2 0 5
2421 3824 2 2421 3824 0 2 0 4
2387 3804 0 2387 3804 2 2 0 5
2387 3804 2 2387 3804 0 2 0 4
2387 3793 0 2387 3793 2 2 0 5
2387 3793 2 2387 3793 0 2 0 4
2372 3800 0 2372 3800 2 2 0 5
2372 3800 2 2372 3800 0 2 0 4
2399 3812 0 2405 10188 0 1 1 3
2405 10188 0 2399 3812 0 1 1 2
2399 3813 0 2405 10188 0 1 1 3
2405 10189 0 2399 3812 0 1 1 2
2406 10187 0 2399 3812 0 1 1 2
2407 10187 0 2399 3812 0 1 1 2
2406 10190 0 2399 3812 0 1 1 2
2398 3811 0 2405 10188 0 1 1 3
2407 10190 0 2399 3812 0 1 1 2
2397 3811 0 2405 10188 0 1 1 3
2408 10189 0 2399 3812 0 1 1 2
2398 3814 0 2405 10188 0 1 1 3
2408 10188 0 2399 3812 0 1 1 2
2397 3814 0 2405 10188 0 1 1 3
2396 3813 0 2405 10188 0 1 1 3
2396 3812 0 2405 10188 0 1 1 3
2317 3893 0 2420 10279 1 2 1 197
2421 10278 1 2319 3892 0 2 1 198
2318 3894 0 2420 10279 1 2 1 197
2420 10279 1 2319 3892 0 2 1 198
2316 3893 0 2420 10279 1 2 1 197
2315 3894 0 2420 10279 1 2 1 197
2400 3889 0 2394 10300 1 2 1 197
2401 3888 0 2394 10300 1 2 1 197
2403 3889 0 2394 10300 1 2 1 197
2398 10258 1 2393 10258 1 2 0 199
2393 10258 1 2398 10258 1 2 0 199
2385 10259 1 2385 10264 1 2 0 199
2385 10264 1 2385 10260 1 2 0 199
2393 10300 1 2401 3888 0 2 1 200
2385 10260 1 2385 10264 1 2 0 199
2394 10300 1 2401 3888 0 2 1 200
2395 10300 1 2401 3888 0 2 1 200
2314 3848 0 2314 3839 0 2 0 199
2314 3839 0 2314 3848 0 2 0 199
2355 3848 0 2355 3839 0 2 0 199
2355 3839 0 2355 3848 0 2 0 199
2378 3839 0 2378 3848 0 2 0 201
2378 3848 0 2378 3839 0 2 0 199
2343 3829 0 2343 3820 0 2 0 199
2343 3820 0 2343 3829 0 2 0 199
2317 3823 0 2317 3832 0 2 0 199
2317 3832 0 2317 3823 0 2 0 199
2331 3802 0 2329 3802 1 2 0 5
2329 3802 1 2331 3802 0 2 0 4
2362 3799 0 2364 3799 2 2 0 5
2364 3799 2 2362 3799 0 2 0 4
2630 4013 1 2656 10423 0 2 1 202
2656 10423 0 2631 4013 1 2 1 203
2631 4013 1 2656 10423 0 2 1 202
2638 10424 0 2639 10424 0 2 0 0
2639 10424 0 2638 10424 0 2 0 0
2852 3966 0 2852 3964 0 2 0 204
2852 3964 0 2852 3966 0 2 0 204
2852 3964 0 2855 3964 0 2 0 204
2855 3964 0 2852 3964 0 2 0 204
2855 3964 0 2853 3961 0 2 0 142
2853 3961 0 2855 3964 0 2 0 205
2853 3961 0 2857 3961 0 2 0 206
2857 3961 0 2853 3961 0 2 0 206
2859 3962 0 2859 3960 0 2 0 204
2859 3960 0 2859 3962 0 2 0 204
2857 3957 0 2857 3954 0 2 0 207
2857 3954 0 2857 3957 0 2 0 207
2852 3936 0 2850 3936 0 2 0 208
2850 3936 0 2852 3936 0 2 0 208
2858 3968 0 2854 3941 0 2 0 23
2855 3941 0 2859 3968 0 2 0 209
2859 3968 0 2854 3941 0 2 0 23
2854 3941 0 2859 3968 0 2 0 209
2860 3968 0 2854 3941 0 2 0 23
2853 3941 0 2859 3968 0 2 0 209
2856 3941 0 2859 3968 0 2 0 209
2852 3941 0 2859 3968 0 2 0 209
2869 3941 0 2845 10351 0 2 1 79
2845 10351 0 2869 3941 0 2 1 57
2844 10351 0 2869 3941 0 2 1 57
2846 10351 0 2869 3941 0 2 1 57
2855 10334 0 2845 3960 0 2 1 210
2856 10335 0 2845 3960 0 2 1 210
2865 3938 0 2866 3938 0 2 0 211
2866 3938 0 2865 3938 0 2 0 211
2716 3798 0 2716 3802 1 2 0 212
2716 3802 1 2716 3798 0 2 0 213
2715 3798 0 2715 3802 1 2 0 212
2715 3802 1 2715 3798 0 2 0 213
2726 3805 1 2726 3801 0 2 0 213
2726 3801 0 2726 3805 1 2 0 212
2727 3805 1 2727 3801 0 2 0 213
2727 3801 0 2727 3805 1 2 0 212
2740 3830 1 2744 3830 1 2 0 214
2744 3830 1 2740 3830 1 2 0 214
2744 3830 1 2707 10205 0 2 1 91
2707 10205 0 2744 3830 1 2 1 159
2707 10206 0 2744 3830 1 2 1 159
2707 10204 0 2744 3830 1 2 1 159
2730 3714 0 2773 10162 0 2 1 11
2773 10162 0 2730 3713 0 2 1 11
2730 3713 0 2773 10162 0 2 1 11
2773 10163 0 2730 3713 0 2 1 11
2730 3712 0 2773 10162 0 2 1 11
2773 10161 0 2730 3713 0 2 1 11
2731 3711 0 2773 10162 0 2 1 11
2780 10161 0 2838 10124 0 2 1 215
2838 10124 0 2778 10161 0 2 1 216
2799 10134 0 2797 3719 0 2 1 11
2797 3719 0 2799 10134 0 2 1 11
2800 10134 0 2797 3719 0 2 1 11
2795 3719 0 2799 10134 0 2 1 11
2796 3719 0 2799 10134 0 2 1 11
2917 10196 0 2914 10196 1 2 0 26
2914 10196 1 2917 10196 0 2 0 51
2914 10187 0 1943 4705 1 2 1 51
1943 4705 1 2914 10187 0 2 1 26
1942 4706 1 1942 4703 0 2 0 51
1942 4703 0 1942 4706 1 2 0 26
2931 10182 0 2930 10179 1 2 0 26
2930 10179 1 2930 10182 0 2 0 51
2930 10182 0 2930 10179 1 2 0 26
2931 10179 1 2930 10182 0 2 0 51
2933 10165 1 2930 10165 0 2 0 51
2930 10165 0 2933 10165 1 2 0 26
2913 10163 1 2910 10163 0 2 0 51
2910 10163 0 2913 10163 1 2 0 26
2904 10208 0 2907 10208 1 2 0 26
2907 10208 1 2904 10208 0 2 0 51
2893 10210 0 2896 10209 1 2 0 26
2896 10209 1 2893 10209 0 2 0 51
2893 10209 0 2896 10209 1 2 0 26
2896 10210 1 2893 10209 0 2 0 51
2896 10189 1 2893 10188 0 2 0 51
2893 10188 0 2896 10188 1 2 0 26
2896 10188 1 2893 10188 0 2 0 51
2893 10189 0 2896 10188 1 2 0 26
2890 10200 1 2893 10198 2 2 0 26
2893 10198 2 2890 10198 1 2 0 51
2890 10198 1 2893 10198 2 2 0 26
2893 10199 2 2890 10198 1 2 0 51
2890 10199 1 2893 10198 2 2 0 26
2893 10200 2 2890 10198 1 2 0 51
2865 10200 2 2868 10198 1 2 0 51
2868 10198 1 2865 10198 2 2 0 26
2865 10198 2 2868 10198 1 2 0 51
2868 10199 1 2865 10198 2 2 0 26
2865 10199 2 2868 10198 1 2 0 51
2868 10200 1 2865 10198 2 2 0 26
2862 10210 1 2865 10209 0 2 0 51
2865 10209 0 2862 10209 1 2 0 26
2862 10209 1 2865 10209 0 2 0 51
2865 10210 0 2862 10209 1 2 0 26
2862 10188 1 2865 10188 0 2 0 51
2865 10188 0 2862 10188 1 2 0 26
2862 10189 1 2865 10188 0 2 0 51
2865 10189 0 2862 10188 1 2 0 26
2865 10221 0 2865 10224 1 2 0 26
2865 10224 1 2865 10221 0 2 0 51
2834 10223 0 2834 10226 1 2 0 26
2834 10226 1 2834 10223 0 2 0 51
2835 10226 1 2835 10223 2 2 0 26
2835 10223 2 2835 10226 1 2 0 51
2828 10217 0 2828 10214 1 2 0 26
2828 10214 1 2828 10217 0 2 0 51
2834 10196 0 2837 10196 1 2 0 26
2837 10196 1 2834 10196 0 2 0 51
2828 10224 0 2828 10227 1 2 0 26
2828 10227 1 2828 10224 0 2 0 51
2930 10185 0 2930 10186 0 2 0 0
2930 10186 0 2930 10185 0 2 0 0
2930 10194 0 2930 10195 0 2 0 0
2930 10195 0 2930 10194 0 2 0 0
2931 10197 0 1940 4958 0 2 1 51
1940 4958 0 2931 10196 0 2 1 26
2931 10196 0 1940 4958 0 2 1 51
1939 4958 0 2931 10196 0 2 1 26
1937 4969 0 1937 4970 0 2 0 1
1937 4970 0 1937 4969 0 2 0 1
2941 10179 0 2438 5535 0 2 1 50
2435 5535 0 2941 10179 0 2 1 50
2488 5536 0 2696 5277 1 2 1 50
2696 5277 1 2488 5536 0 2 1 50
2796 3616 0 2808 10002 0 2 1 134
2808 10002 0 2796 3615 0 2 1 11
2796 3615 0 2808 10002 0 2 1 134
2808 10003 0 2796 3615 0 2 1 11
2796 3614 0 2808 10002 0 2 1 134
2808 10001 0 2796 3615 0 2 1 11
2703 9991 0 2703 9989 0 2 0 57
2703 9989 0 2703 9991 0 2 0 57
2823 3555 0 2822 3555 0 1 0 0
2822 3555 0 2823 3555 0 1 0 0
2820 3557 0 2820 3558 0 1 0 0
2820 3558 0 2820 3557 0 1 0 0
2817 3561 0 2817 3564 0 6 0 13
2816 3563 0 2817 3561 0 6 0 13
2818 3562 0 2817 3564 0 6 0 13
2817 3564 0 2817 3561 0 6 0 13
2816 3562 0 2817 3564 0 6 0 13
2880 3596 0 2880 3593 0 2 0 12
2880 3593 0 2880 3596 0 2 0 12
2881 3596 0 2881 3593 0 2 0 12
2881 3593 0 2881 3596 0 2 0 12
2857 3613 0 2857 3611 0 2 0 12
2856 3613 0 2856 3611 0 2 0 12
2858 3627 0 2861 3627 0 2 0 12
2861 3627 0 2858 3627 0 2 0 12
2858 3626 0 2861 3626 0 2 0 12
2861 3626 0 2858 3626 0 2 0 12
2877 3623 0 2880 3623 0 2 0 12
2880 3623 0 2877 3623 0 2 0 12
2877 3622 0 2880 3622 0 2 0 12
2880 3622 0 2877 3622 0 2 0 12
2896 3619 0 2897 3619 0 2 0 217
2897 3619 0 2896 3619 0 2 0 217
2896 3618 0 2897 3618 0 2 0 217
2897 3618 0 2896 3618 0 2 0 217
2917 3628 0 2917 3629 0 2 0 218
2917 3629 0 2917 3628 0 2 0 218
2916 3628 0 2916 3629 0 2 0 218
2916 3629 0 2916 3628 0 2 0 218
2905 3643 0 2907 10019 0 2 1 134
2907 10019 0 2904 3643 0 2 1 135
2904 3643 0 2907 10019 0 2 1 134
2908 10019 0 2904 3643 0 2 1 135
2903 3643 0 2907 10019 0 2 1 134
2906 10019 0 2904 3643 0 2 1 135
2908 10035 0 2908 3654 0 2 1 135
2908 3654 0 2907 10035 0 2 1 134
2907 10035 0 2908 3654 0 2 1 135
2909 3654 0 2907 10035 0 2 1 134
2906 10035 0 2908 3654 0 2 1 135
2907 3654 0 2907 10035 0 2 1 134
2834 3627 0 2834 3629 0 2 0 12
2834 3629 0 2834 3627 0 2 0 12
2833 3627 0 2833 3629 0 2 0 12
2833 3629 0 2833 3627 0 2 0 12
2822 3635 0 2820 3635 0 2 0 12
2827 3646 0 2823 10050 0 2 1 219
2823 10050 0 2827 3646 0 2 1 220
2828 3646 0 2823 10050 0 2 1 219
2824 10050 0 2827 3646 0 2 1 220
2825 10050 0 2827 3646 0 2 1 220
2852 10105 0 2852 10109 1 2 0 221
2852 10109 1 2852 10105 0 2 0 222
2853 10105 0 2852 10109 1 2 0 221
2853 10109 1 2852 10105 0 2 0 222
2848 10107 1 2847 10107 1 2 0 223
2847 10107 1 2848 10107 1 2 0 223
2841 10052 1 2845 10051 2 2 0 221
2845 10051 2 2841 10051 1 2 0 222
2841 10051 1 2845 10051 2 2 0 221
2845 10052 2 2841 10051 1 2 0 222
2831 10076 2 2831 3676 0 2 1 224
2831 3676 0 2831 10076 2 2 1 225
2830 10077 2 2831 3676 0 2 1 224
2830 3677 0 2831 10076 2 2 1 225
2832 3677 0 2831 10076 2 2 1 225
2831 3678 0 2831 10076 2 2 1 225
2840 3690 0 2837 10090 2 2 1 226
2837 10090 2 2840 3690 0 2 1 227
2837 10089 2 2840 3690 0 2 1 227
2837 10091 2 2840 3690 0 2 1 228
2845 10109 2 2841 10108 1 2 0 222
2841 10108 1 2845 10108 2 2 0 221
2845 10108 2 2841 10108 1 2 0 222
2841 10109 1 2845 10108 2 2 0 221
2853 10060 1 2852 10064 0 2 0 222
2852 10064 0 2852 10060 1 2 0 221
2852 10060 1 2852 10064 0 2 0 222
2853 10064 0 2852 10060 1 2 0 221
2869 10084 0 2869 10085 0 2 0 229
2869 10085 0 2869 10084 0 2 0 229
2888 3662 0 2888 3660 0 2 0 12
2888 3660 0 2888 3662 0 2 0 12
2887 3662 0 2887 3660 0 2 0 12
2887 3660 0 2887 3662 0 2 0 12
2892 3671 0 2893 10074 2 1 1 134
2893 3671 0 2893 10074 2 1 1 134
2894 3671 0 2893 10074 2 1 1 134
2895 3672 0 2893 10074 2 1 1 134
2892 10074 2 2893 3671 0 1 1 135
2893 10074 2 2893 3671 0 1 1 135
2894 10074 2 2893 3671 0 1 1 135
2837 3736 0 2839 3739 0 2 0 230
2839 3739 0 2837 3739 0 2 0 230
2837 3739 0 2839 3739 0 2 0 230
2839 3737 0 2837 3739 0 2 0 230
2837 3738 0 2839 3739 0 2 0 230
2839 3738 0 2837 3739 0 2 0 230
2837 3737 0 2839 3739 0 2 0 230
2839 3736 0 2837 3739 0 2 0 230
2837 3740 0 2839 3739 0 2 0 230
2839 3740 0 2837 3739 0 2 0 230
2839 3741 0 2837 3739 0 2 0 230
2867 3720 0 2874 3720 0 2 0 23
2874 3720 0 2867 3719 0 2 0 84
2867 3719 0 2874 3720 0 2 0 23
2874 3721 0 2867 3719 0 2 0 84
2867 3718 0 2874 3720 0 2 0 23
2874 3719 0 2867 3719 0 2 0 84
2868 3721 0 2874 3720 0 2 0 23
2899 3715 0 2898 3719 0 2 0 231
2898 3719 0 2898 3715 0 2 0 231
2898 3715 0 2898 3719 0 2 0 231
2899 3719 0 2898 3715 0 2 0 231
2900 3719 0 2898 3715 0 2 0 231
2899 3713 0 2904 3720 0 2 0 232
2904 3720 0 2899 3713 0 2 0 232
2916 3748 0 2882 5311 2 2 1 192
2880 5311 2 2916 3745 0 2 1 142
2916 3745 0 2882 5311 2 2 1 192
2882 5311 2 2916 3745 0 2 1 142
2916 3746 0 2882 5311 2 2 1 192
2881 5310 2 2916 3745 0 2 1 142
2917 3744 0 2882 5311 2 2 1 192
2918 3744 0 2882 5311 2 2 1 192
2919 3744 0 2882 5311 2 2 1 192
2920 3744 0 2882 5311 2 2 1 192
2916 3747 0 2882 5311 2 2 1 192
2917 3749 0 2882 5311 2 2 1 192
2918 3749 0 2882 5311 2 2 1 192
2919 3749 0 2882 5311 2 2 1 192
2920 3749 0 2882 5311 2 2 1 192
2921 3748 0 2882 5311 2 2 1 192
2921 3747 0 2882 5311 2 2 1 192
2921 3746 0 2882 5311 2 2 1 192
2912 5300 2 2914 5300 1 2 0 108
2914 5300 1 2912 5299 2 2 0 95
2920 5276 1 2920 5274 0 2 0 108
2920 5274 0 2919 5276 1 2 0 95
2919 5274 0 2919 5276 1 2 0 95
2915 5300 1 2912 5299 2 2 0 95
2909 3686 0 2911 3686 0 2 0 12
2911 3686 0 2909 3686 0 2 0 12
2909 3687 0 2911 3687 0 2 0 12
2911 3687 0 2909 3687 0 2 0 12
2943 3769 0 2950 3767 0 2 0 214
2943 3767 0 2950 3767 0 2 0 214
2942 3768 0 2950 3767 0 2 0 214
2661 3500 0 2662 3500 0 2 0 86
2662 3500 0 2661 3500 0 2 0 86
2612 3476 0 2612 3476 1 2 0 5
2612 3476 1 2612 3476 0 2 0 4
2611 3475 0 2611 3475 1 2 0 5
2611 3475 1 2611 3475 0 2 0 4
2612 3474 0 2612 3474 1 2 0 5
2612 3474 1 2612 3474 0 2 0 4
2613 3475 0 2613 3475 1 2 0 5
2613 3475 1 2613 3475 0 2 0 4
2642 3429 0 2642 3429 1 2 0 5
2642 3429 1 2642 3429 0 2 0 4
2641 3428 0 2641 3428 1 2 0 5
2641 3428 1 2641 3428 0 2 0 4
2657 3438 0 2659 3437 0 2 0 233
2658 3439 0 2659 3437 0 2 0 233
2658 3437 0 2657 3439 0 2 0 233
2659 3438 0 2657 3439 0 2 0 233
2668 3429 0 2668 3429 2 2 0 234
2667 3428 0 2668 3429 2 2 0 234
2668 3427 0 2668 3429 2 2 0 234
2669 3428 0 2668 3429 2 2 0 234
2668 3429 2 2667 3429 0 2 0 235
2667 3428 2 2667 3429 0 2 0 235
2668 3427 2 2667 3429 0 2 0 235
2669 3428 2 2667 3429 0 2 0 235
2620 9797 0 2623 3391 0 2 1 236
2623 3391 0 2619 9797 0 2 1 134
2620 9796 0 2623 3391 0 2 1 236
2624 3391 0 2619 9797 0 2 1 134
2621 9795 0 2623 3391 0 2 1 236
2625 3391 0 2619 9797 0 2 1 134
2622 3391 0 2619 9797 0 2 1 134
2611 3393 0 2611 3394 0 1 0 0
2611 3394 0 2611 3393 0 1 0 0
2630 3385 0 2630 3385 1 2 0 5
2630 3385 1 2630 3385 0 2 0 4
2631 3386 0 2631 3386 1 2 0 5
2631 3386 1 2631 3386 0 2 0 4
2631 3386 1 2631 3386 2 2 0 5
2631 3386 2 2631 3386 1 2 0 4
2630 3385 1 2630 3385 2 2 0 5
2630 3385 2 2630 3385 1 2 0 4
2647 3376 0 2649 3375 0 6 0 13
2649 3375 0 2646 3375 0 6 0 13
2646 3375 0 2649 3375 0 6 0 13
2648 3374 0 2646 3375 0 6 0 13
2647 3374 0 2649 3375 0 6 0 13
2648 3376 0 2646 3375 0 6 0 13
2637 3350 0 2640 3350 0 6 0 13
2640 3350 0 2637 3350 0 6 0 13
2638 3351 0 2640 3350 0 6 0 13
2639 3349 0 2637 3350 0 6 0 13
2638 3349 0 2640 3350 0 6 0 13
2639 3351 0 2637 3350 0 6 0 13
2654 3347 0 2657 3347 0 6 0 13
2657 3347 0 2654 3347 0 6 0 13
2655 3348 0 2657 3347 0 6 0 13
2656 3348 0 2654 3347 0 6 0 13
2655 3346 0 2657 3347 0 6 0 13
2834 3335 0 2834 3332 1 3 0 27
2834 3332 1 2834 3335 0 3 0 27
2910 3049 0 2906 3049 0 5 0 237
2906 3049 0 2910 3049 0 5 0 237
2879 2954 0 2876 2952 0 2 0 238
2880 2953 0 2876 2952 0 2 0 238
2880 2952 0 2876 2952 0 2 0 238
2880 2951 0 2876 2952 0 2 0 238
2879 2950 0 2876 2952 0 2 0 238
2877 2954 0 2880 2952 0 2 0 238
2876 2953 0 2880 2952 0 2 0 238
2876 2952 0 2880 2952 0 2 0 238
2876 2951 0 2880 2952 0 2 0 238
2877 2950 0 2880 2952 0 2 0 238
2777 3214 0 2834 2951 0 5 1 239
2778 3214 0 2834 2951 0 5 1 239
2776 3213 0 2834 2951 0 5 1 239
2776 3212 0 2834 2951 0 5 1 239
2776 3211 0 2834 2951 0 5 1 239
2779 3213 0 2834 2951 0 5 1 239
2779 3212 0 2834 2951 0 5 1 239
2779 3211 0 2834 2951 0 5 1 239
2777 3210 0 2834 2951 0 5 1 239
2778 3210 0 2834 2951 0 5 1 239
2830 2953 0 2776 3214 0 5 1 239
2830 2952 0 2776 3214 0 5 1 239
2831 2954 0 2776 3214 0 5 1 239
2832 2954 0 2776 3214 0 5 1 239
2833 2954 0 2776 3214 0 5 1 239
2831 2951 0 2776 3214 0 5 1 239
2832 2951 0 2776 3214 0 5 1 239
2833 2951 0 2776 3214 0 5 1 239
2834 2953 0 2776 3214 0 5 1 239
2834 2952 0 2776 3214 0 5 1 239
2836 9599 0 2836 9600 0 2 0 240
2836 9600 0 2836 9599 0 2 0 240
2832 9657 0 2834 3258 0 1 1 10
2833 9658 0 2834 3258 0 1 1 10
2833 9656 0 2834 3258 0 1 1 10
2834 9657 0 2834 3258 0 1 1 10
2832 3255 0 2833 9658 0 1 1 241
2832 3256 0 2833 9658 0 1 1 241
2832 3257 0 2833 9658 0 1 1 241
2833 3258 0 2833 9658 0 1 1 241
2834 3258 0 2833 9658 0 1 1 241
2835 3258 0 2833 9658 0 1 1 241
2833 3254 0 2833 9658 0 1 1 241
2834 3254 0 2833 9658 0 1 1 241
2835 3254 0 2833 9658 0 1 1 241
2836 3255 0 2833 9658 0 1 1 241
2836 3256 0 2833 9658 0 1 1 241
2836 3257 0 2833 9658 0 1 1 241
2128 3893 2 2126 3893 1 2 0 162
2126 3893 1 2128 3893 2 2 0 162
2118 3893 1 2118 3895 0 2 0 162
2118 3895 0 2118 3893 1 2 0 162
2452 4473 0 3201 3169 0 6 1 242
3202 3169 0 2452 4473 0 6 1 0
2486 4471 0 3260 3171 0 6 1 242
1795 3106 0 1799 9506 0 2 1 243
1795 3107 0 1799 9506 0 2 1 243
1799 9506 0 1795 3106 0 2 1 244
1799 9507 0 1795 3106 0 2 1 244
2386 3333 0 2386 3335 0 2 0 245
2386 3335 0 2386 3333 0 2 0 245
2304 3194 0 2306 3194 0 5 0 246
2306 3194 0 2304 3194 0 5 0 246
2970 3462 0 2972 3462 0 2 0 247
2972 3462 0 2970 3462 0 2 0 247
1401 3536 0 1275 3559 0 7 1 248
1401 3536 0 1272 3475 0 7 1 248
1275 3559 0 1401 3536 0 7 1 248
1275 3559 0 1272 3475 0 7 1 248
1272 3475 0 1401 3536 0 7 1 248
1272 3475 0 1275 3559 0 7 1 248
1259 3430 0 1271 3436 0 4 0 249
1271 3436 0 1259 3430 0 4 0 249
1486 3232 0 1361 3309 0 5 1 250
1361 3309 0 1486 3232 0 5 1 250
3280 3412 0 1700 3141 0 6 1 251
1703 3140 0 3280 3412 0 6 1 251
2744 3152 0 2713 9564 0 2 1 252
2745 3152 0 2713 9564 0 2 1 252
2746 3152 0 2713 9564 0 2 1 252
2713 9564 0 2745 3152 0 2 1 253
2760 3064 0 2734 9478 0 2 1 142
2761 3063 0 2734 9478 0 2 1 142
2761 3062 0 2734 9478 0 2 1 142
2760 3061 0 2734 9478 0 2 1 142
2734 9478 0 2760 3061 0 2 1 137
2691 9564 0 2689 9564 0 2 0 254
2689 9564 0 2691 9564 0 2 0 254
2835 2987 0 2835 2987 1 2 0 5
2835 2987 1 2835 2987 0 2 0 4
2834 2988 0 2834 2988 1 2 0 5
2834 2988 1 2834 2988 0 2 0 4
2835 2989 0 2835 2989 1 2 0 5
2835 2989 1 2835 2989 0 2 0 4
2836 2988 0 2836 2988 1 2 0 5
2836 2988 1 2836 2988 0 2 0 4
2861 2998 0 2861 2998 1 2 0 5
2861 2998 1 2861 2998 0 2 0 4
2860 2997 1 2860 2997 0 2 0 4
2862 2997 1 2862 2997 0 2 0 4
2861 2995 1 2861 2995 2 2 0 5
2861 2995 2 2861 2995 1 2 0 4
2823 2958 0 2823 2958 1 2 0 5
2823 2958 1 2823 2958 0 2 0 4
2824 2957 0 2824 2957 1 2 0 5
2824 2957 1 2824 2957 0 2 0 4
2824 2959 0 2824 2959 1 2 0 5
2824 2959 1 2824 2959 0 2 0 4
2825 2958 0 2825 2958 1 2 0 5
2825 2958 1 2825 2958 0 2 0 4
2845 2954 0 2845 2954 1 2 0 5
2845 2954 1 2845 2954 0 2 0 4
2844 2953 1 2844 2953 0 2 0 4
2844 2955 1 2844 2955 0 2 0 4
2859 2954 0 2859 2954 1 2 0 5
2859 2954 1 2859 2954 0 2 0 4
2860 2953 1 2860 2953 0 2 0 4
2860 2955 1 2860 2955 0 2 0 4
2870 2971 0 2870 2971 1 2 0 5
2870 2971 1 2870 2971 0 2 0 4
2871 2970 0 2871 2970 1 2 0 5
2871 2970 1 2871 2970 0 2 0 4
2871 2972 0 2871 2972 1 2 0 5
2871 2972 1 2871 2972 0 2 0 4
2872 2971 0 2872 2971 1 2 0 5
2872 2971 1 2872 2971 0 2 0 4
2569 3121 0 2569 9525 0 1 1 3
2570 3121 0 2569 9525 0 1 1 2
2569 9525 0 2569 3121 0 1 1 2
2569 9526 0 2569 3121 0 1 1 2
2572 9499 0 2588 9573 0 2 1 255
2579 9583 0 2567 9524 0 1 1 2
2578 9583 0 2567 9524 0 1 1 2
2594 3085 0 2594 9485 0 2 1 4
2594 9486 0 2594 3085 0 2 1 5
2590 3088 0 2590 3092 1 1 0 2
2591 3088 0 2590 3092 1 1 0 2
2590 3092 1 2590 3088 0 1 0 3
2591 3092 1 2590 3088 0 1 0 3
2590 3083 1 2590 3087 2 1 0 2
2591 3083 1 2590 3087 2 1 0 2
2590 3087 2 2590 3083 1 1 0 3
2591 3087 2 2590 3083 1 1 0 3
2549 3112 2 2549 3112 1 2 0 4
2548 3111 2 2549 3112 1 2 0 4
2548 3111 1 2549 3112 2 2 0 5
2550 3111 1 2549 3112 2 2 0 5
2549 3112 1 2549 3112 2 2 0 5
2545 3111 1 2544 3112 0 2 0 4
2544 3112 1 2544 3112 0 2 0 4
2543 3111 1 2544 3112 0 2 0 4
2545 3111 0 2545 3111 1 2 0 5
2543 3111 0 2543 3111 1 2 0 5
2544 3112 0 2544 3112 1 2 0 5
1702 3575 0 1830 9973 0 2 1 4
1829 9974 0 1702 3575 0 2 1 5
1831 9974 0 1702 3575 0 2 1 5
1830 9975 0 1702 3575 0 2 1 5
1830 9973 0 1702 3575 0 2 1 5
1798 9969 0 1670 3569 0 1 1 2
1799 9969 0 1670 3569 0 1 1 2
1800 9968 0 1670 3569 0 1 1 2
1800 9967 0 1670 3569 0 1 1 2
1799 9966 0 1670 3569 0 1 1 2
1670 3569 0 1800 9968 0 1 1 3
1671 3568 0 1800 9968 0 1 1 3
1671 3567 0 1800 9968 0 1 1 3
1670 3566 0 1800 9968 0 1 1 3
1824 9973 0 1825 9973 0 2 0 256
1825 9973 0 1824 9973 0 2 0 256
1802 9958 0 1802 9956 0 2 0 256
1802 9956 0 1802 9958 0 2 0 256
1803 9968 0 1726 9994 0 1 1 257
1803 9967 0 1726 9994 0 1 1 257
1469 3653 0 1650 9987 0 2 1 241
1470 3652 0 1650 9987 0 2 1 241
1470 3654 0 1650 9987 0 2 1 241
1471 3653 0 1650 9987 0 2 1 241
1562 3791 0 1617 10101 0 2 1 241
1563 3790 0 1617 10101 0 2 1 241
1563 3792 0 1617 10101 0 2 1 241
1564 3791 0 1617 10101 0 2 1 241
1695 3865 0 1719 10101 0 2 1 241
1696 3864 0 1719 10101 0 2 1 241
1696 3866 0 1719 10101 0 2 1 241
1697 3865 0 1719 10101 0 2 1 241
1726 9994 0 1803 9968 0 2 1 258
1725 9993 0 1803 9968 0 2 1 258
1727 9993 0 1803 9968 0 2 1 258
1726 9992 0 1803 9968 0 2 1 258
1649 9986 0 1469 3653 0 2 1 258
1650 9985 0 1469 3653 0 2 1 258
1650 9987 0 1469 3653 0 2 1 258
1651 9986 0 1469 3653 0 2 1 258
1616 10102 0 1562 3791 0 2 1 258
1617 10101 0 1562 3791 0 2 1 258
1617 10103 0 1562 3791 0 2 1 258
1618 10102 0 1562 3791 0 2 1 258
1718 10102 0 1696 3864 0 2 1 258
1719 10101 0 1696 3864 0 2 1 258
1719 10103 0 1696 3864 0 2 1 258
1720 10102 0 1696 3864 0 2 1 258
1638 10047 0 1461 9879 0 2 1 258
1639 10046 0 1461 9879 0 2 1 258
1639 10048 0 1461 9879 0 2 1 258
1640 10047 0 1461 9879 0 2 1 258
1461 9879 0 1639 10046 0 2 1 257
1420 3588 0 1432 9913 0 4 1 91
1420 3589 0 1432 9913 0 4 1 91
1432 9913 0 1420 3588 0 4 1 159
1665 10051 0 1639 3673 0 2 1 259
1666 10050 0 1639 3673 0 2 1 259
1666 10052 0 1639 3673 0 2 1 259
1667 10051 0 1639 3673 0 2 1 259
1639 3673 0 1666 10050 0 2 1 260
1631 3570 0 1634 3570 0 3 0 13
1634 3570 0 1631 3570 0 3 0 13
1658 3505 0 1657 3505 0 2 0 1
1657 3505 0 1658 3505 0 2 0 1
1658 3504 0 1657 3504 0 2 0 1
1657 3504 0 1658 3504 0 2 0 1
1562 3488 0 1563 3488 0 2 0 1
1563 3488 0 1562 3488 0 2 0 1
1562 3487 0 1563 3487 0 2 0 1
1563 3487 0 1562 3487 0 2 0 1
2455 3049 0 2457 3049 0 2 0 261
2457 3049 0 2455 3049 0 2 0 261
2455 3048 0 2457 3048 0 2 0 261
2457 3048 0 2455 3048 0 2 0 261
2485 3045 0 2477 9437 2 7 1 51
2477 9437 2 2485 3045 0 7 1 26
2486 3045 0 2477 9437 2 7 1 51
2477 9438 2 2485 3045 0 7 1 26
2762 2943 0 2762 2941 0 2 0 262
2762 2940 0 2762 2942 0 2 0 262
2762 2938 0 2762 2936 0 2 0 262
2762 2936 0 2762 2938 0 2 0 262
2762 2936 0 2762 2934 0 2 0 262
2762 2934 0 2762 2936 0 2 0 262
2791 2935 0 2791 2937 0 10 0 263
2791 2937 0 2791 2935 0 10 0 263
2791 2937 0 2791 2939 0 2 0 262
2791 2939 0 2791 2937 0 2 0 262
2791 2939 0 2791 2941 0 2 0 262
2791 2941 0 2791 2939 0 2 0 262
2791 2941 0 2791 2943 0 10 0 263
2791 2943 0 2791 2941 0 10 0 263
2793 2943 0 2793 2941 0 10 0 263
2793 2941 0 2793 2943 0 10 0 263
2793 2941 0 2793 2939 0 2 0 262
2793 2939 0 2793 2941 0 2 0 262
2793 2939 0 2793 2937 0 2 0 262
2793 2937 0 2793 2939 0 2 0 262
2795 2938 0 2795 2940 0 2 0 262
2795 2941 0 2795 2939 0 2 0 262
2795 2940 0 2795 2942 0 2 0 262
2795 2943 0 2795 2941 0 2 0 262
2798 2943 0 2798 2941 0 10 0 263
2798 2940 0 2798 2942 0 2 0 262
2798 2941 0 2798 2939 0 2 0 262
2798 2938 0 2798 2940 0 2 0 262
2799 2937 0 2799 2939 0 2 0 262
2799 2939 0 2799 2937 0 2 0 262
2799 2939 0 2799 2941 0 2 0 262
2799 2941 0 2799 2939 0 2 0 262
2799 2941 0 2799 2943 0 2 0 262
2799 2943 0 2799 2941 0 2 0 262
2800 2943 0 2800 2941 0 10 0 263
2800 2940 0 2800 2942 0 2 0 262
2800 2941 0 2800 2939 0 2 0 262
2800 2938 0 2800 2940 0 10 0 263
2800 2939 0 2800 2937 0 10 0 263
2800 2936 0 2800 2938 0 10 0 263
2816 2936 0 2816 2938 0 2 0 262
2816 2938 0 2816 2936 0 2 0 262
2816 2938 0 2816 2940 0 2 0 262
2816 2940 0 2816 2938 0 2 0 262
2819 2940 0 2819 2938 0 2 0 262
2819 2938 0 2819 2940 0 2 0 262
2819 2938 0 2819 2936 0 2 0 262
2819 2936 0 2819 2938 0 2 0 262
2820 2935 0 2820 2937 0 10 0 263
2820 2938 0 2820 2936 0 2 0 262
2820 2937 0 2820 2939 0 2 0 262
2820 2940 0 2820 2938 0 10 0 263
2864 2934 0 2864 2936 0 2 0 262
2864 2936 0 2864 2934 0 2 0 262
2864 2936 0 2864 2938 0 10 0 263
2864 2939 0 2864 2937 0 10 0 263
2864 2939 0 2864 2941 0 2 0 262
2864 2941 0 2864 2939 0 2 0 262
2866 2941 0 2866 2939 0 10 0 263
2866 2939 0 2866 2937 0 10 0 263
2866 2938 0 2866 2940 0 2 0 262
2866 2936 0 2866 2938 0 2 0 262
2866 2936 0 2866 2934 0 2 0 262
2866 2934 0 2866 2936 0 2 0 262
2868 2934 0 2868 2936 0 10 0 263
2868 2936 0 2868 2934 0 10 0 263
2868 2936 0 2868 2938 0 10 0 263
2868 2939 0 2868 2937 0 2 0 262
2868 2938 0 2868 2940 0 2 0 262
2868 2941 0 2868 2939 0 2 0 262
2872 2934 0 2872 2936 0 2 0 262
2872 2936 0 2872 2934 0 2 0 262
2872 2938 0 2872 2940 0 10 0 263
2872 2941 0 2872 2939 0 10 0 263
2932 2943 0 2932 2941 0 2 0 262
2932 2940 0 2932 2942 0 2 0 262
2932 2941 0 2932 2939 0 10 0 263
2932 2938 0 2932 2940 0 2 0 262
2932 2938 0 2932 2936 0 10 0 263
2932 2936 0 2932 2938 0 10 0 263
2933 2937 0 2933 2939 0 2 0 262
2933 2939 0 2933 2937 0 2 0 262
2933 2939 0 2933 2941 0 2 0 262
2933 2941 0 2933 2939 0 2 0 262
2933 2941 0 2933 2943 0 10 0 263
2933 2943 0 2933 2941 0 10 0 263
2936 2943 0 2936 2941 0 10 0 263
2936 2940 0 2936 2942 0 10 0 263
2936 2940 0 2936 2938 0 2 0 262
2936 2938 0 2936 2940 0 2 0 262
2936 2938 0 2936 2936 0 10 0 263
2936 2936 0 2936 2938 0 10 0 263
2521 3494 0 2521 3494 1 2 0 5
2522 3493 0 2522 3493 1 2 0 5
2521 3494 1 2521 3494 0 2 0 4
2522 3493 1 2522 3493 0 2 0 4
2511 3511 0 1768 5366 1 2 1 264
2512 3511 0 1768 5366 1 2 1 264
1768 5366 1 1772 5366 0 2 0 51
1742 5352 0 2531 3446 0 2 1 265
1761 5362 0 2531 3446 0 2 1 265
1559 3046 0 1556 3046 2 2 0 95
1556 3046 2 1559 3046 0 2 0 266
1558 3047 0 1558 9451 0 2 1 51
1557 3047 0 1557 9451 0 2 1 51
1558 9451 0 1558 3047 0 2 1 26
1557 9451 0 1557 3047 0 2 1 26
1553 3033 0 1553 3033 1 2 0 5
1553 3033 1 1553 3033 0 2 0 4
1556 3034 1 1556 3034 2 2 0 5
1556 3034 2 1556 3034 1 2 0 4
1533 3051 0 1533 9446 0 2 1 91
1533 3050 0 1533 9446 0 2 1 91
1533 9447 0 1533 3051 0 2 1 159
1533 9446 0 1533 3051 0 2 1 159
1533 9445 0 1533 3051 0 2 1 159
1248 3722 0 1248 3723 0 1 0 0
1248 3723 0 1248 3722 0 1 0 0
1249 3722 0 1249 3723 0 1 0 0
1249 3723 0 1249 3722 0 1 0 0
1646 9848 0 1643 3450 0 2 1 179
1647 9848 0 1643 3450 0 2 1 179
1646 3449 0 1646 9848 0 2 1 91
1646 3450 0 1646 9848 0 2 1 91
1645 3451 0 1646 9848 0 2 1 91
1644 3451 0 1646 9848 0 2 1 91
1643 3450 0 1646 9848 0 2 1 91
1643 3449 0 1646 9848 0 2 1 91
1644 3448 0 1646 9848 0 2 1 91
1645 3448 0 1646 9848 0 2 1 91
1673 9800 0 1677 9747 0 2 1 150
1677 9747 0 1673 9800 0 2 1 150
2822 3745 0 2803 10187 0 1 1 23
2822 3744 0 2803 10187 0 1 1 23
2822 3743 0 2803 10187 0 1 1 23
2804 10187 0 2822 3745 0 1 1 11
2803 10187 0 2822 3745 0 1 1 11
2802 10187 0 2822 3745 0 1 1 11
2772 10232 0 2778 3869 0 1 1 267
2778 3869 0 2772 10232 0 1 1 11
2778 3870 0 2772 10232 0 1 1 11
2779 3871 0 2772 10232 0 1 1 11
2780 3871 0 2772 10232 0 1 1 11
2781 3871 0 2772 10232 0 1 1 11
2782 3870 0 2772 10232 0 1 1 11
2782 3869 0 2772 10232 0 1 1 11
2782 3868 0 2772 10232 0 1 1 11
2781 3867 0 2772 10232 0 1 1 11
2780 3867 0 2772 10232 0 1 1 11
2779 3867 0 2772 10232 0 1 1 11
2772 3836 0 2790 3794 0 18 1 268
2773 3836 0 2790 3794 0 18 1 268
2786 3772 0 2794 3719 0 30 1 268
2785 3772 0 2794 3719 0 30 1 268
2484 3486 1 2649 4516 0 6 1 269
2649 4518 0 2894 2726 0 4 1 270
2654 4495 0 2393 3466 0 6 1 271
2896 2727 0 2393 3465 0 4 1 270
2724 2747 0 2770 2793 0 10 1 272
2795 2793 0 2795 2797 1 1 0 2
2795 2797 1 2795 2793 0 1 0 3
2796 2793 0 2796 2797 1 1 0 2
2796 2797 1 2796 2793 0 1 0 3
2799 2793 0 2799 2797 1 1 0 2
2799 2797 1 2799 2793 0 1 0 3
2800 2793 0 2800 2797 1 1 0 2
2800 2797 1 2800 2793 0 1 0 3
2762 2989 0 2760 9389 0 15 1 273
2764 9376 0 2765 2976 0 15 1 144
2840 3516 0 2836 3517 0 10 0 274
2839 3516 0 2836 3517 0 10 0 274
2837 3517 0 2840 3516 0 10 0 274
2837 3518 0 2840 3517 0 10 0 274
2840 3517 0 2837 3518 0 10 0 274
2840 3518 0 2837 3519 0 10 0 274
2844 3516 0 2844 9916 0 1 1 4
2845 3517 0 2845 9917 0 1 1 4
2846 3516 0 2846 9916 0 1 1 4
2845 3515 0 2845 9915 0 1 1 4
2844 9916 0 2844 3516 0 1 1 5
2845 9917 0 2845 3517 0 1 1 5
2846 9916 0 2846 3516 0 1 1 5
2845 9915 0 2845 3515 0 1 1 5
2847 3519 0 2847 9919 0 1 1 4
2848 3520 0 2848 9920 0 1 1 4
2849 3519 0 2849 9919 0 1 1 4
2848 3518 0 2848 9918 0 1 1 4
2847 9919 0 2847 3519 0 1 1 5
2848 9920 0 2848 3520 0 1 1 5
2849 9919 0 2849 3519 0 1 1 5
2848 9918 0 2848 3518 0 1 1 5
2847 3513 0 2847 9913 0 1 1 4
2848 3514 0 2848 9914 0 1 1 4
2849 3513 0 2849 9913 0 1 1 4
2848 3512 0 2848 9912 0 1 1 4
2847 9913 0 2847 3513 0 1 1 5
2848 9914 0 2848 3514 0 1 1 5
2849 9913 0 2849 3513 0 1 1 5
2848 9912 0 2848 3512 0 1 1 5
2837 9926 0 2837 3526 0 1 1 5
2838 9927 0 2838 3527 0 1 1 5
2837 9928 0 2837 3528 0 1 1 5
2845 9924 0 2845 3524 0 1 1 5
2844 9925 0 2844 3525 0 1 1 5
2845 9926 0 2845 3526 0 1 1 5
2823 9907 0 2823 3507 0 1 1 5
2824 9908 0 2824 3508 0 1 1 5
2825 9907 0 2825 3507 0 1 1 5
2824 9906 0 2824 3506 0 1 1 5
2823 3507 0 2823 9907 0 1 1 4
2824 3508 0 2824 9908 0 1 1 4
2825 3507 0 2825 9907 0 1 1 4
2824 3506 0 2824 9906 0 1 1 4
2826 9910 0 2826 3510 0 1 1 5
2827 9911 0 2827 3511 0 1 1 5
2828 9910 0 2828 3510 0 1 1 5
2827 9909 0 2827 3509 0 1 1 5
2826 3510 0 2826 9910 0 1 1 4
2827 3511 0 2827 9911 0 1 1 4
2828 3510 0 2828 9910 0 1 1 4
2827 3509 0 2827 9909 0 1 1 4
2822 9913 0 2822 3513 0 1 1 5
2823 9914 0 2823 3514 0 1 1 5
2824 9913 0 2824 3513 0 1 1 5
2823 9912 0 2823 3512 0 1 1 5
2822 3513 0 2822 9913 0 1 1 4
2823 3514 0 2823 9914 0 1 1 4
2824 3513 0 2824 9913 0 1 1 4
2823 3512 0 2823 9912 0 1 1 4
2823 9931 0 2823 3531 0 1 1 5
2824 9930 0 2824 3530 0 1 1 5
2823 9929 0 2823 3529 0 1 1 5
2857 9918 0 2857 3518 0 1 1 5
2858 9917 0 2858 3517 0 1 1 5
2857 9916 0 2857 3516 0 1 1 5
2857 3518 0 2857 9918 0 1 1 4
2858 3517 0 2858 9917 0 1 1 4
2857 3516 0 2857 9916 0 1 1 4
2858 9919 0 2858 3519 0 1 1 5
2859 9920 0 2859 3520 0 1 1 5
2860 9919 0 2860 3519 0 1 1 5
2858 3519 0 2858 9919 0 1 1 4
2859 3520 0 2859 9920 0 1 1 4
2860 3519 0 2860 9919 0 1 1 4
1475 3687 0 1470 3687 0 6 0 275
1470 3687 0 1475 3687 0 6 0 275
1460 3690 0 1456 3690 0 6 0 275
1456 3690 0 1460 3690 0 6 0 275
3009 3150 0 3009 9550 0 1 1 6
3009 9550 0 3009 3150 0 1 1 5
3007 9550 0 3007 3150 0 1 1 5
3008 9549 0 3008 3149 0 1 1 5
3008 9551 0 3008 3151 0 1 1 5
3055 9562 0 3055 9555 0 1 0 276
3056 9562 0 3056 9555 0 1 0 276
3057 9562 0 3057 9555 0 1 0 276
3055 9555 0 3055 9562 0 1 0 276
3056 9555 0 3056 9562 0 1 0 276
3057 9555 0 3057 9562 0 1 0 276
3060 9555 0 3060 9557 0 1 0 57
3060 9557 0 3060 9555 0 1 0 57
3106 3559 0 3035 4852 0 2 1 277
3039 4805 0 3039 4800 0 2 0 278
3039 4854 0 3039 4844 0 2 0 279
3029 4850 0 3033 4843 0 2 0 279
3021 4843 0 3039 4844 0 2 0 279
3018 4834 0 3039 4844 0 2 0 279
3018 4822 0 3039 4844 0 2 0 279
3030 4812 0 3039 4844 0 2 1 279
3042 4811 0 3039 4844 0 2 1 279
3050 4813 0 3039 4844 0 2 1 279
3058 4822 0 3039 4844 0 2 0 279
3061 4831 0 3052 4831 0 2 0 279
3059 4840 0 3039 4844 0 2 0 279
3050 4850 0 3039 4844 0 2 0 279
3034 4793 0 3221 3219 0 4 1 280
3044 4842 0 2269 4840 0 2 1 281
2259 4846 0 2259 4846 1 1 0 5
2259 4846 1 2259 4846 0 1 0 5
2275 4833 1 2275 4833 2 1 0 5
2275 4833 2 2275 4833 1 1 0 5
2255 4830 2 2255 4830 3 1 0 5
2255 4830 3 2255 4830 2 1 0 5
2281 4837 0 3056 3594 0 1 1 282
2275 4847 3 3060 3585 0 1 1 282
2273 4855 3 3066 3591 0 1 1 282
3049 4839 0 2464 4826 0 2 1 283
2464 4818 0 2858 3378 0 1 1 284
3050 4837 0 2205 4838 0 2 1 285
2208 4830 0 1862 4639 0 1 1 284
3051 4833 0 2714 4838 0 2 1 286
2726 4832 0 3182 3162 0 1 1 284
3050 4829 0 1816 3856 0 2 1 287
3047 4825 0 2846 4836 0 2 1 288
2842 4828 0 2983 3288 0 1 1 284
3044 4822 0 2784 4843 0 2 1 289
2792 4827 0 2980 3511 0 1 1 284
3039 4821 0 2520 4848 0 2 1 290
2521 4834 0 3050 3442 0 1 1 284
3031 4825 0 2660 4843 0 2 1 291
2655 4830 0 3302 3477 0 1 1 282
3029 4830 0 2587 4836 0 2 1 292
2575 4849 0 3310 3252 0 1 1 282
3027 4834 0 3229 4834 0 2 1 293
3240 4832 0 3559 9779 0 1 1 282
3224 4832 0 3559 9779 0 1 1 282
3028 4837 0 2142 4836 0 2 1 294
2122 4833 0 2405 4381 0 1 1 282
2142 4853 0 2405 4381 0 1 1 282
2162 4833 0 2405 4381 0 1 1 282
2142 4813 0 2405 4381 0 1 1 282
3035 4842 0 2400 4844 0 2 1 295
2400 4835 0 2865 3022 0 1 1 282
2824 10169 0 2615 4966 0 4 1 296
1633 4023 0 1631 4023 0 2 0 297
1631 4023 0 1629 4023 0 2 0 297
1629 4023 0 1627 4023 0 2 0 297
1631 4023 0 1633 4023 0 2 0 297
1629 4023 0 1631 4023 0 2 0 297
1627 4023 0 1629 4023 0 2 0 297
1627 3963 0 1630 3979 0 1 0 298
1628 3963 0 1630 3979 0 1 0 298
1629 3963 0 1630 3979 0 1 0 298
1630 3963 0 1630 3979 0 1 0 298
1631 3963 0 1630 3979 0 1 0 298
1632 3963 0 1630 3979 0 1 0 298
1633 3963 0 1630 3979 0 1 0 298
1627 3963 0 1630 3958 0 1 0 298
1628 3963 0 1630 3958 0 1 0 298
1629 3963 0 1630 3958 0 1 0 298
1630 3963 0 1630 3958 0 1 0 298
1631 3963 0 1630 3958 0 1 0 298
1632 3963 0 1630 3958 0 1 0 298
1633 3963 0 1630 3958 0 1 0 298
3633 9503 0 3637 9503 0 5 0 299
3637 9503 0 3633 9503 0 5 0 299
3613 9482 0 3613 9484 0 5 0 300
3614 9482 0 3614 9484 0 5 0 300
3615 9482 0 3615 9484 0 5 0 300
3616 9482 0 3616 9484 0 5 0 300
3617 9482 0 3617 9484 0 5 0 300
3613 9484 0 3613 9482 0 5 0 300
3614 9484 0 3614 9482 0 5 0 300
3615 9484 0 3615 9482 0 5 0 300
3616 9484 0 3616 9482 0 5 0 300
3617 9484 0 3617 9482 0 5 0 300
2775 10003 0 2773 10003 0 10 0 301
2773 10003 0 2775 10003 0 10 0 301
2770 10002 0 2768 10002 0 10 0 301
2768 10002 0 2770 10002 0 10 0 301
3230 9609 0 3313 9613 0 8 1 302
3230 9609 0 3245 9648 0 8 1 303
3317 9612 0 3232 9610 0 8 1 304
3317 9612 0 3245 9648 0 8 1 305
3246 9646 0 3313 9613 0 8 1 306
3246 9646 0 3232 9610 0 8 1 307
2709 3495 0 2709 3496 0 2 0 308
2709 3496 0 2709 3495 0 2 0 308
2709 3498 0 2716 9888 0 1 1 3
2716 9888 0 2709 3497 0 1 1 2
2371 3622 0 2371 3620 0 5 0 13
2370 3621 0 2371 3620 0 5 0 13
2372 3621 0 2371 3620 0 5 0 13
2371 3619 0 2371 3621 0 5 0 13
2370 3620 0 2371 3621 0 5 0 13
2372 3620 0 2371 3621 0 5 0 13
2547 3422 0 2630 5071 0 2 1 4
2546 3421 0 2630 5071 0 2 1 4
2548 3421 0 2630 5071 0 2 1 4
2547 3420 0 2630 5071 0 2 1 4
2629 5073 0 2547 3422 0 2 1 5
2628 5072 0 2547 3422 0 2 1 5
2630 5072 0 2547 3422 0 2 1 5
2629 5071 0 2547 3422 0 2 1 5
2427 4446 0 2591 4319 0 2 1 309
2344 3650 0 2344 3655 0 2 0 241
2344 3655 0 2344 3650 0 2 0 241
2344 3662 0 2344 3663 0 2 0 310
2343 3662 0 2343 3663 0 2 0 310
2344 3663 0 2344 3662 0 2 0 310
2343 3663 0 2343 3662 0 2 0 310
2701 3407 0 2701 3407 1 2 0 5
2700 3408 0 2701 3407 1 2 0 5
2702 3408 0 2701 3407 1 2 0 5
2701 3407 1 2701 3407 0 2 0 4
2700 3408 1 2701 3407 0 2 0 4
2702 3408 1 2701 3407 0 2 0 4
2704 3404 1 2704 3404 2 2 0 5
2703 3403 1 2704 3404 2 2 0 5
2705 3403 1 2704 3404 2 2 0 5
2704 3402 1 2704 3404 2 2 0 5
2704 3404 2 2704 3404 1 2 0 4
2703 3403 2 2704 3404 1 2 0 4
2705 3403 2 2704 3404 1 2 0 4
2704 3402 2 2704 3404 1 2 0 4
2700 3405 2 2700 3405 3 2 0 5
2699 3406 2 2700 3405 3 2 0 5
2699 3404 2 2700 3405 3 2 0 5
2700 3405 3 2700 3405 2 2 0 4
2699 3406 3 2700 3405 2 2 0 4
2699 3404 3 2700 3405 2 2 0 4
1435 3128 0 1439 9509 1 2 1 311
1436 3128 0 1439 9509 1 2 1 311
1439 9509 1 1435 3128 0 2 1 311
1440 9509 1 1435 3128 0 2 1 311
2457 3186 0 2355 9394 0 2 1 51
2458 3185 0 2355 9394 0 2 1 51
2355 9394 0 2458 3185 0 2 1 26
2335 9350 0 2439 3164 0 2 1 26
2439 3164 0 2335 9350 0 2 1 51
2438 3165 0 2335 9350 0 2 1 51
2438 3163 0 2335 9350 0 2 1 51
2444 3162 0 2442 3159 1 2 0 26
2442 3159 1 2444 3162 0 2 0 51
2443 3160 1 2444 3162 0 2 0 51
2443 3158 1 2444 3162 0 2 0 51
2826 2998 0 2838 9387 0 2 1 4
2825 2999 0 2838 9387 0 2 1 4
2824 2998 0 2838 9387 0 2 1 4
2825 2997 0 2838 9387 0 2 1 4
2838 9387 0 2826 2998 0 2 1 5
2839 9388 0 2826 2998 0 2 1 5
2523 2860 0 2012 9004 1 2 1 241
2012 9004 1 2523 2860 0 2 1 312
2483 2889 0 1971 9035 1 2 1 91
2484 2889 0 1971 9035 1 2 1 91
1971 9035 1 2483 2889 0 2 1 91
2456 2862 0 2456 2860 0 2 0 313
2457 2862 0 2457 2860 0 2 0 313
2458 2862 0 2458 2860 0 2 0 313
2456 2860 0 2456 2862 0 2 0 313
2457 2860 0 2457 2862 0 2 0 313
2458 2860 0 2458 2862 0 2 0 313
1969 8987 1 1967 8987 1 2 0 313
1969 8986 1 1967 8986 1 2 0 313
1967 8987 1 1969 8987 1 2 0 313
1967 8986 1 1969 8986 1 2 0 313
2457 2849 0 1936 9009 1 2 1 314
1936 9009 1 2457 2849 0 2 1 5
2457 2839 0 2458 2839 1 2 0 26
2455 2839 1 2457 2839 0 2 0 51
2456 2839 1 2457 2839 0 2 0 51
2458 2839 1 2457 2839 0 2 0 51
2459 2839 1 2457 2839 0 2 0 51
2449 2847 1 2452 2847 2 2 0 26
2452 2847 2 2449 2847 1 2 0 51
2808 3162 0 2808 3162 1 2 0 5
2809 3161 0 2808 3162 1 2 0 5
2808 3162 1 2808 3162 0 2 0 4
2809 3161 1 2808 3162 0 2 0 4
2238 3386 0 3262 6135 0 4 1 315
2239 3386 0 3263 6135 0 4 1 315
2240 3386 0 3264 6135 0 4 1 315
2241 3386 0 3265 6135 0 4 1 315
3262 6135 0 2238 3386 0 4 1 316
3263 6135 0 2239 3386 0 4 1 316
3264 6135 0 2240 3386 0 4 1 316
3265 6135 0 2241 3386 0 4 1 316
2238 3269 0 3262 6024 0 4 1 315
2239 3269 0 3263 6024 0 4 1 315
2240 3269 0 3264 6024 0 4 1 315
2241 3269 0 3265 6024 0 4 1 315
3262 6024 0 2238 3269 0 4 1 316
3263 6024 0 2239 3269 0 4 1 316
3264 6024 0 2240 3269 0 4 1 316
3265 6024 0 2241 3269 0 4 1 316
2181 3326 0 3208 6078 0 4 1 315
2181 3327 0 3208 6079 0 4 1 315
2181 3328 0 3208 6080 0 4 1 315
2181 3329 0 3208 6081 0 4 1 315
3208 6078 0 2181 3326 0 4 1 316
3208 6079 0 2181 3327 0 4 1 316
3208 6080 0 2181 3328 0 4 1 316
3208 6081 0 2181 3329 0 4 1 316
2298 3326 0 3319 6078 0 4 1 315
2298 3327 0 3319 6079 0 4 1 315
2298 3328 0 3319 6080 0 4 1 315
2298 3329 0 3319 6081 0 4 1 315
3319 6078 0 2298 3326 0 4 1 316
3319 6079 0 2298 3327 0 4 1 316
3319 6080 0 2298 3328 0 4 1 316
3319 6081 0 2298 3329 0 4 1 316
2763 9103 0 2763 2703 0 2 1 157
2763 2703 0 2763 9103 0 2 1 158
3228 3470 0 3228 3472 0 2 0 317
3228 3472 0 3228 3470 0 2 0 317
1455 2968 0 1458 2968 1 3 0 27
1458 2968 1 1455 2968 0 3 0 27
1514 2971 0 1514 2968 1 3 0 27
1514 2968 1 1514 2971 0 3 0 27
1743 3136 0 1747 3136 1 3 0 27
1747 3136 1 1743 3136 0 3 0 27
2157 3330 0 2157 3333 1 3 0 27
2157 3333 1 2157 3330 0 3 0 27
2142 3122 0 2142 3125 1 3 0 27
2142 3125 1 2142 3122 0 3 0 27
2674 3141 1 2674 3144 0 3 0 27
2674 3144 0 2674 3141 1 3 0 27
2998 3032 1 3001 3032 0 3 0 27
3001 3032 0 2998 3032 1 3 0 27
2591 2851 1 2589 2851 0 3 0 27
2589 2851 0 2591 2851 1 3 0 27
1811 3679 1 1808 3679 0 3 0 27
1808 3679 0 1811 3679 1 3 0 27
3060 3000 1 3063 3000 0 3 0 27
3063 3000 0 3060 3000 1 3 0 27
3308 3491 0 3308 3493 0 6 0 165
3308 3493 0 3308 3491 0 6 0 165
2893 3507 0 2893 9907 0 1 1 4
2893 9907 0 2893 3507 0 1 1 5
1812 3745 0 1813 10145 0 2 1 41
1813 3746 0 1813 10145 0 2 1 41
1814 3745 0 1813 10145 0 2 1 41
1813 3744 0 1813 10145 0 2 1 41
1813 10145 0 1813 3744 0 2 1 5
1812 10145 0 1813 3744 0 2 1 5
1703 3795 2 1710 3795 1 2 0 19
1703 3794 2 1710 3794 1 2 0 19
1703 3793 2 1710 3793 1 2 0 19
1703 3792 2 1710 3792 1 2 0 19
1710 3795 1 1703 3795 2 2 0 19
1710 3794 1 1703 3794 2 2 0 19
1710 3793 1 1703 3793 2 2 0 19
1710 3792 1 1703 3792 2 2 0 19
1685 3803 1 1678 3803 0 2 0 19
1685 3802 1 1678 3802 0 2 0 19
1678 3803 0 1685 3803 1 2 0 19
1678 3802 0 1685 3802 1 2 0 19
1685 3785 1 1678 3785 0 2 0 19
1685 3784 1 1678 3784 0 2 0 19
1678 3785 0 1685 3785 1 2 0 19
1678 3784 0 1685 3784 1 2 0 19
1688 3793 1 1695 3794 0 2 0 19
1688 3793 1 1695 3793 0 2 0 19
1695 3794 0 1688 3793 1 2 0 19
1695 3793 0 1688 3793 1 2 0 19
3088 3572 0 3088 9972 0 2 1 4
3089 3571 0 3089 9971 0 2 1 4
3088 3570 0 3088 9970 0 2 1 4
3087 3571 0 3087 9971 0 2 1 4
3088 9972 0 3088 3572 0 2 1 4
3089 9971 0 3089 3571 0 2 1 4
3088 9970 0 3088 3570 0 2 1 4
3087 9971 0 3087 3571 0 2 1 4
3282 3936 3 3282 3936 2 2 0 3
3282 3936 2 3282 3936 3 2 0 2
3282 3936 2 3281 3935 1 2 0 3
3282 3936 1 3282 3936 2 2 0 2
3282 3936 1 3281 3935 0 2 0 3
3281 3935 0 3282 3936 1 2 0 2
1425 2933 0 1427 2933 0 2 0 318
2220 3155 0 2220 3152 0 8 0 319
2220 3152 0 2220 3155 0 8 0 319
2215 3156 0 2215 3153 0 8 0 319
2215 3153 0 2215 3156 0 8 0 319
2250 3168 0 2253 3168 0 8 0 319
2253 3168 0 2250 3168 0 8 0 319
2284 3188 0 2287 3188 0 8 0 319
2287 3188 0 2284 3188 0 8 0 319
2294 3242 0 2294 3245 0 8 0 319
2294 3245 0 2294 3242 0 8 0 319
2199 3169 0 2202 3169 0 6 0 320
2202 3169 0 2199 3169 0 6 0 320
2234 3181 0 2238 3181 0 6 0 320
2238 3181 0 2234 3181 0 6 0 320
2181 3212 0 2181 3208 0 6 0 320
2181 3208 0 2181 3212 0 6 0 320
2256 3227 0 2260 3227 0 6 0 320
2260 3227 0 2256 3227 0 6 0 320
2274 3163 0 2277 3163 0 6 0 320
2277 3163 0 2274 3163 0 6 0 320
2295 3217 0 2295 3213 0 6 0 320
2295 3213 0 2295 3217 0 6 0 320
2209 3201 0 2209 3205 0 4 0 321
2209 3205 0 2209 3201 0 4 0 321
2275 3262 0 2279 3262 0 4 0 321
2279 3262 0 2275 3262 0 4 0 321
2267 3205 0 2267 3201 0 4 0 321
2267 3201 0 2267 3205 0 4 0 321
2274 3176 0 2274 3172 0 4 0 321
2274 3172 0 2274 3176 0 4 0 321
2474 3436 0 2474 3429 0 8 0 322
2471 3426 0 2471 3423 1 2 0 323
2472 3426 0 2472 3423 1 2 0 323
2473 3426 0 2473 3423 1 2 0 323
2474 3426 0 2474 3423 1 2 0 323
2475 3426 0 2475 3423 1 2 0 323
2476 3426 0 2476 3423 1 2 0 323
2473 3423 1 2473 3420 2 2 0 324
2477 3420 2 2483 3420 2 8 0 325
2485 3419 2 2487 3420 0 2 0 326
2486 3420 2 2487 3420 0 2 0 326
2483 3425 0 2483 3428 0 2 0 323
2484 3425 0 2484 3428 0 2 0 323
2485 3425 0 2485 3428 0 2 0 323
2486 3425 0 2486 3428 0 2 0 323
2487 3425 0 2487 3428 0 2 0 323
2488 3425 0 2488 3428 0 2 0 323
2484 3430 0 2484 3437 0 12 0 327
2487 3430 0 2487 3437 0 12 0 327
3103 3279 0 3102 3279 3 4 0 328
3099 3277 3 3090 3276 3 12 0 329
3091 3276 3 3092 3266 3 12 0 329
3089 3265 3 3088 3261 3 5 0 330
3088 3257 3 3088 3255 3 4 0 331
3094 3255 3 3096 3256 3 4 0 332
3100 3261 3 3103 3261 0 8 0 333
3221 9556 0 3221 9552 0 4 0 334
3221 9552 0 3221 9556 0 4 0 334
3204 9572 0 3208 9572 0 4 0 334
3208 9572 0 3204 9572 0 4 0 334
2698 9492 0 2698 9500 0 13 0 335
2698 9500 0 2698 9492 0 13 0 335
2655 9566 0 2655 9573 0 13 0 335
2655 9573 0 2655 9566 0 13 0 335
2649 9562 0 2647 9557 0 7 0 336
2647 9557 0 2649 9562 0 7 0 336
2687 9506 0 2682 9506 0 7 0 337
2682 9506 0 2687 9506 0 7 0 337
1686 9755 0 1688 9755 0 4 0 338
3033 3389 1 3033 3390 0 2 0 339
3032 3389 1 3032 3388 0 2 0 339
2556 3073 1 2556 3072 0 2 0 339
2556 3074 1 2556 3075 0 2 0 339
2936 3355 0 2934 3355 0 2 0 247
2934 3355 0 2936 3355 0 2 0 247
2561 3108 0 2561 3111 0 2 0 340
3246 3179 0 3259 3179 0 2 0 341
3259 3179 0 3246 3179 0 2 0 341
2546 2873 0 2546 2871 0 2 0 12
2546 2871 0 2546 2873 0 2 0 12
2766 3665 0 2766 3663 0 10 0 185
3033 3390 0 3033 3389 1 2 0 342
3032 3388 0 3032 3389 1 2 0 342
3240 3335 0 3240 3334 0 2 0 343
3240 3334 0 3240 3335 0 2 0 343
3219 9618 0 3221 9618 0 3 0 8
3221 9618 0 3219 9618 0 3 0 8
2926 3522 0 2928 3520 0 5 0 344
2927 3523 0 2928 3520 0 5 0 344
2928 3520 0 2927 3523 0 5 0 344
2820 3635 0 2822 3635 0 2 0 12
2857 3611 0 2857 3613 0 2 0 12
2856 3611 0 2856 3613 0 2 0 12
2795 2978 0 2791 2978 0 5 0 12
2795 2979 0 2791 2979 0 5 0 12
2795 2980 0 2791 2980 0 5 0 12
2791 2978 0 2795 2978 0 5 0 12
2791 2979 0 2795 2979 0 5 0 12
2791 2980 0 2795 2980 0 5 0 12
1981 8994 1 1981 8998 1 5 0 141
1981 8999 1 1981 8994 1 6 0 141
1981 8998 1 1981 8994 1 5 0 141
3120 9963 0 3120 9970 0 8 0 345
3120 9970 0 3120 9963 0 8 0 345
2575 3107 0 2575 3112 0 2 0 346
2575 3112 0 2575 3107 0 2 0 347
1706 10078 0 1716 10056 0 2 0 348
1716 10056 0 1706 10078 0 2 0 348
1647 10010 0 1645 10000 0 2 0 348
1645 10000 0 1647 10010 0 2 0 348
3444 3533 0 3442 3531 0 4 0 349
3442 3531 0 3444 3533 0 4 0 349
2548 3119 0 2548 3117 1 3 0 350
1711 9824 0 1711 9820 0 2 0 351
1711 9820 0 1711 9824 0 2 0 351
1708 9800 0 1702 9800 0 8 0 82
1702 9800 0 1708 9800 0 8 0 82
1689 9801 0 1687 9801 0 4 0 338
1687 9801 0 1689 9801 0 4 0 338
2603 3477 0 2598 3477 0 2 0 322
2599 3478 0 2603 3477 0 2 0 322
2602 3478 0 2598 3477 0 2 0 322
2598 3477 0 2603 3477 0 2 0 322
2602 3476 0 2598 3477 0 2 0 322
2599 3476 0 2603 3477 0 2 0 322
3273 3195 0 3273 3192 3 4 0 328
3272 3182 3 3272 3172 3 12 0 329
3268 3166 3 3284 3166 3 5 0 352
3301 3163 3 3315 3163 1 15 0 353
3318 3165 1 3317 3174 2 8 0 354
3316 3179 2 3316 3180 3 4 0 355
3314 3186 3 3302 3187 3 15 0 329
3300 3192 3 3299 3194 0 2 0 297
3142 3513 0 3137 3516 0 7 0 356
3137 3516 0 3142 3513 0 7 0 356
2449 3155 0 2444 3165 0 2 0 357
2444 3165 0 2449 3155 0 5 0 358
1369 3294 0 1369 3296 0 2 0 359
1369 3296 0 1369 3294 0 2 0 359
1389 3309 0 1391 3309 0 2 0 359
1391 3309 0 1389 3309 0 2 0 359
1387 3303 0 1387 3301 0 2 0 359
1387 3301 0 1387 3303 0 2 0 359
2322 3502 0 2324 3497 0 6 0 12
2324 3497 0 2322 3502 0 6 0 12
2948 3309 0 2948 3313 0 2 0 356
2948 3313 0 2948 3309 0 2 0 356
1613 10070 0 1609 10061 0 2 0 360
1609 10061 0 1613 10070 0 2 0 360
1324 3777 0 1324 3785 0 8 0 12
1324 3785 0 1324 3777 0 8 0 12
2485 2898 0 2489 2898 0 2 0 83
2489 2898 0 2485 2898 0 2 0 83
2925 2951 0 2925 2950 0 2 0 361
2925 2949 0 2925 2950 0 2 0 361
2925 2950 0 2925 2949 0 2 0 361
2925 2948 0 2925 2949 0 2 0 361
2925 2949 0 2925 2948 0 2 0 361
2925 2947 0 2925 2948 0 2 0 361
3221 3414 0 3219 3414 3 6 0 328
3214 3414 3 3208 3414 3 6 0 362
3201 3416 3 3197 3416 1 4 0 363
3194 3416 1 3192 3406 3 19 0 364
3192 3402 3 3192 3398 3 8 0 363
3193 3402 3 3193 3398 3 8 0 363
3194 3402 3 3194 3398 3 8 0 363
3195 3402 3 3195 3398 3 8 0 363
3196 3402 3 3196 3398 3 8 0 363
3197 3402 3 3197 3398 3 8 0 363
3198 3402 3 3198 3398 3 8 0 363
3208 3401 3 3218 3399 3 5 0 363
3208 3400 3 3218 3399 3 5 0 363
3208 3399 3 3218 3399 3 5 0 363
3208 3398 3 3218 3399 3 5 0 363
3208 3397 3 3218 3399 3 5 0 363
3208 3396 3 3218 3399 3 5 0 363
3231 3402 3 3236 3403 3 5 0 363
3236 3408 3 3236 3410 3 3 0 365
3237 3408 3 3237 3410 3 3 0 365
3238 3408 3 3238 3410 3 3 0 365
3239 3408 3 3239 3410 3 3 0 365
3240 3408 3 3240 3410 3 3 0 365
3236 3415 3 3236 3417 0 5 0 366
3237 3415 3 3237 3417 0 5 0 366
3238 3415 3 3238 3417 0 5 0 366
3239 3415 3 3239 3417 0 5 0 366
3240 3415 3 3240 3417 0 5 0 366
3149 3363 0 3150 3363 0 4 0 367
3154 3363 0 3153 3363 0 4 0 367
3150 3363 0 3151 3363 0 4 0 367
3151 3363 0 3152 3363 0 4 0 367
3152 3363 0 3153 3363 0 4 0 367
3153 3363 0 3152 3363 0 4 0 367
3152 3363 0 3151 3363 0 4 0 367
3151 3363 0 3150 3363 0 4 0 367
2863 2971 0 2863 2976 0 2 0 82
2863 2976 0 2863 2971 0 2 0 82
2866 3428 0 2869 3428 0 2 0 357
2602 3336 0 2598 3336 0 2 0 322
2598 3336 0 2602 3336 0 2 0 322
2599 3337 0 2602 3336 0 2 0 322
1368 3327 0 1368 3323 0 5 0 115
1368 3323 0 1368 3327 0 5 0 115
2552 3558 0 2552 3561 0 5 0 327
2552 3561 0 2552 3558 0 5 0 327
3228 3470 0 3228 3471 0 5 0 317
1393 3309 0 1399 3309 0 7 0 82
1399 3309 0 1393 3309 0 7 0 82
2841 3427 0 2841 3433 0 2 0 368
2486 3515 0 2489 3521 0 9 0 12
2489 3521 0 2486 3515 0 9 0 12
3306 3315 0 3302 3315 0 2 0 12
3302 3315 0 3306 3315 0 2 0 12
2556 3072 0 2556 3073 1 2 0 342
2556 3075 0 2556 3074 1 2 0 342
1614 3570 0 1610 3570 0 2 0 82
1610 3570 0 1614 3570 0 2 0 82
1603 3571 0 1607 3571 0 2 0 82
1607 3571 0 1603 3571 0 2 0 82
2580 9520 0 2580 9512 0 9 0 369
2580 9512 0 2580 9520 0 9 0 369
2578 9506 0 2572 9506 0 10 0 327
3508 3488 0 3506 3492 2 7 0 370
3506 3496 2 3502 3504 2 5 0 297
3505 3496 2 3502 3504 2 5 0 297
3498 3505 2 3492 3504 2 8 0 297
3498 3504 2 3492 3504 2 8 0 297
3487 3499 2 3479 3499 3 5 0 297
3478 3493 3 3478 3486 2 4 0 297
3480 3484 2 3489 3476 3 10 0 371
3502 3476 3 3510 3476 2 4 0 297
3510 3482 2 3510 3485 0 4 0 297
1283 3147 0 1283 3138 0 10 0 322
1283 3138 0 1283 3147 0 10 0 322
2872 3671 0 2869 3671 0 2 0 12
2869 3671 0 2872 3671 0 2 0 12
1391 3323 0 1396 3323 0 6 0 12
1396 3323 0 1391 3323 0 6 0 12
3070 3257 0 3066 3257 0 2 0 356
3066 3257 0 3070 3257 0 2 0 356
3035 9806 0 3028 9806 0 2 0 188
3028 9806 0 3035 9806 0 2 0 188
2878 3665 0 2878 3668 0 2 0 12
2878 3668 0 2878 3665 0 2 0 12
2877 3666 0 2878 3668 0 2 0 12
2879 3667 0 2878 3665 0 2 0 12
2886 3684 0 2884 3684 0 2 0 12
2884 3684 0 2886 3684 0 2 0 12
2886 3683 0 2884 3683 0 2 0 12
2884 3683 0 2886 3683 0 2 0 12
1270 3002 0 1274 3002 0 4 0 338
1274 3002 0 1270 3002 0 4 0 338
2907 3682 0 2909 3684 0 2 0 12
2909 3684 0 2907 3682 0 2 0 12
1720 3551 0 1724 3551 0 2 0 82
1724 3551 0 1720 3551 0 2 0 82
1453 3336 0 1453 3329 0 8 0 322
1453 3329 0 1453 3336 0 8 0 322
1401 3291 0 1401 3283 0 9 0 322
1401 3283 0 1401 3291 0 9 0 322
2202 3237 0 2196 3237 0 8 0 372
2196 3237 0 2202 3237 0 8 0 372
2258 3250 0 2264 3250 0 8 0 372
2264 3250 0 2258 3250 0 8 0 372
2290 3232 0 2290 3239 0 9 0 372
2290 3239 0 2290 3232 0 9 0 372
1591 3258 0 1586 3262 0 8 0 338
1590 3257 0 1586 3262 0 8 0 338
1587 3262 0 1591 3257 0 2 0 338
1586 3261 0 1591 3257 0 2 0 338
2400 4402 0 2400 4404 0 2 0 373
2400 4404 0 2400 4402 0 2 0 373
3046 10326 0 3048 10336 0 6 0 137
2900 3680 0 2903 3680 0 2 0 12
2903 3680 0 2900 3680 0 2 0 12
2901 3679 0 2903 3680 0 2 0 12
2902 3681 0 2900 3680 0 2 0 12
1465 3128 0 1455 3128 0 8 0 12
1455 3128 0 1465 3128 0 8 0 12
2722 3592 0 2722 3596 0 4 0 322
2722 3596 0 2722 3592 0 4 0 322
1776 3884 0 1776 3880 0 4 0 374
3422 3325 0 3417 3325 0 2 0 82
3417 3325 0 3422 3325 0 2 0 82
2790 9295 0 2789 9296 0 3 0 375
2789 9296 0 2790 9295 0 3 0 375
3036 3341 0 3036 3342 3 3 0 328
3039 3343 3 3047 3344 3 7 0 329
3050 3349 3 3050 3357 3 12 0 376
3048 3358 3 3048 3361 3 4 0 297
3045 3361 3 3041 3361 3 3 0 297
3045 3362 3 3041 3362 3 3 0 297
3045 3363 3 3041 3363 3 3 0 297
3045 3364 3 3041 3364 3 3 0 297
3035 3362 3 3028 3354 3 11 0 329
3027 3353 3 3020 3353 3 5 0 329
3016 3352 3 3016 3349 3 4 0 297
3017 3352 3 3017 3349 3 4 0 297
3018 3352 3 3018 3349 3 4 0 297
3017 3345 3 3014 3345 3 5 0 377
3017 3346 3 3014 3346 3 5 0 377
3011 3344 3 3011 3342 3 3 0 377
3012 3344 3 3012 3342 3 3 0 377
3013 3344 3 3013 3342 3 3 0 377
3012 3335 3 3012 3333 3 2 0 377
3013 3335 3 3013 3333 3 2 0 377
3013 3335 3 3015 3334 3 2 0 377
3017 3332 3 3019 3332 3 5 0 377
3017 3333 3 3019 3333 3 5 0 377
3017 3334 3 3019 3334 3 5 0 377
3024 3332 3 3029 3332 0 6 0 378
3023 3332 3 3029 3332 0 6 0 378
3022 3332 3 3029 3332 0 6 0 378
3022 3333 3 3029 3333 0 6 0 378
3022 3334 3 3029 3334 0 6 0 378
3024 3335 3 3029 3335 0 6 0 378
3023 3335 3 3029 3335 0 6 0 378
3022 3335 3 3029 3335 0 6 0 378
3180 2432 0 3180 2434 0 2 0 12
3180 2434 0 3180 2432 0 2 0 12
3149 9906 0 3155 9906 0 2 0 327
3155 9906 0 3149 9906 0 2 0 327
3150 9907 0 3155 9906 0 2 0 327
3150 9905 0 3155 9906 0 2 0 327
3154 9907 0 3149 9906 0 2 0 327
3154 9905 0 3149 9906 0 2 0 327
1769 3849 0 1774 3849 0 2 0 12
1774 3849 0 1769 3849 0 2 0 12
2998 3916 0 2998 3931 0 2 0 0
2874 3133 0 2874 3127 0 2 0 379
2874 3127 0 2874 3133 0 2 0 379
2874 3136 0 2874 3142 0 2 0 379
2874 3142 0 2874 3136 0 2 0 379
1343 2917 0 1338 2917 0 4 0 338
1338 2917 0 1343 2917 0 4 0 338
2573 3859 0 2575 3861 0 2 0 82
2575 3861 0 2573 3859 0 2 0 82
2682 9548 0 2690 9547 0 4 0 82
2697 9525 0 2695 9533 0 4 0 82
2188 3162 0 2188 3165 0 4 0 380
2188 3165 0 2188 3162 0 4 0 380
2188 3165 0 2188 3168 0 4 0 380
2188 3168 0 2188 3165 0 4 0 380
2188 3168 0 2188 3171 0 4 0 380
2188 3171 0 2188 3168 0 4 0 380
2217 3169 0 2217 3166 0 4 0 380
2217 3166 0 2217 3169 0 4 0 380
2217 3166 0 2217 3163 0 4 0 380
2217 3163 0 2217 3166 0 4 0 380
2217 3163 0 2217 3160 0 4 0 380
2217 3160 0 2217 3163 0 4 0 380
2231 3149 0 2234 3149 0 4 0 380
2234 3149 0 2231 3149 0 4 0 380
2234 3149 0 2237 3149 0 4 0 380
2237 3149 0 2234 3149 0 4 0 380
2237 3149 0 2240 3149 0 4 0 380
2240 3149 0 2237 3149 0 4 0 380
2226 3219 0 2229 3219 0 4 0 380
2229 3219 0 2226 3219 0 4 0 380
2229 3219 0 2232 3219 0 4 0 380
2232 3219 0 2229 3219 0 4 0 380
2232 3219 0 2235 3219 0 4 0 380
2235 3219 0 2232 3219 0 4 0 380
2235 3219 0 2238 3219 0 4 0 380
2238 3219 0 2235 3219 0 4 0 380
2230 3249 0 2233 3249 0 4 0 380
2233 3249 0 2230 3249 0 4 0 380
2233 3249 0 2236 3249 0 4 0 380
2236 3249 0 2233 3249 0 4 0 380
2236 3249 0 2239 3249 0 4 0 380
2239 3249 0 2236 3249 0 4 0 380
2279 3231 0 2279 3228 0 4 0 380
2279 3228 0 2279 3231 0 4 0 380
2279 3228 0 2279 3225 0 4 0 380
2279 3225 0 2279 3228 0 4 0 380
2279 3225 0 2279 3222 0 4 0 380
2279 3222 0 2279 3225 0 4 0 380
2265 3192 0 2268 3192 0 4 0 380
2268 3192 0 2265 3192 0 4 0 380
2268 3192 0 2271 3192 0 4 0 380
2271 3192 0 2268 3192 0 4 0 380
2271 3192 0 2274 3192 0 4 0 380
2274 3192 0 2271 3192 0 4 0 380
2303 3213 0 2303 3216 0 4 0 380
2303 3216 0 2303 3213 0 4 0 380
2303 3216 0 2303 3219 0 4 0 380
2303 3219 0 2303 3216 0 4 0 380
2303 3219 0 2303 3222 0 4 0 380
2303 3222 0 2303 3219 0 4 0 380
2303 3222 0 2303 3225 0 4 0 380
2303 3225 0 2303 3222 0 4 0 380
2688 3697 0 2691 3697 0 2 0 381
2691 3697 0 2688 3697 0 2 0 381
2598 9489 0 2598 9494 0 6 0 345
2598 9494 0 2598 9489 0 6 0 345
2599 9489 0 2599 9494 0 6 0 345
2599 9494 0 2599 9489 0 6 0 345
3670 9888 3 3671 9888 2 2 0 382
3671 9888 2 3670 9888 3 2 0 383
2346 3300 0 2344 3294 0 6 0 12
2344 3294 0 2346 3300 0 8 0 12
3708 2969 0 3714 2969 0 2 0 384
3714 2969 0 3708 2969 0 2 0 384
2927 3758 0 2927 3761 0 2 0 214
2927 3761 0 2928 3757 0 2 0 214
2928 3757 0 2927 3761 0 2 0 214
2929 3758 0 2927 3761 0 2 0 214
2729 3489 0 2729 3491 3 5 0 106
2721 3494 3 2713 3494 2 5 0 297
2721 3495 3 2713 3494 2 5 0 297
2710 3490 2 2710 3480 2 10 0 329
2710 3477 2 2710 3472 3 3 0 297
2711 3477 2 2711 3472 3 3 0 297
2712 3477 2 2712 3472 3 3 0 297
2713 3477 2 2713 3472 3 3 0 297
2702 3470 3 2702 3465 2 3 0 297
2702 3464 2 2704 3464 0 3 0 378
2991 9546 0 2969 9551 0 1 0 11
2991 9547 0 2969 9551 0 1 0 11
2991 9548 0 2969 9551 0 1 0 11
2968 9550 0 2992 9547 0 1 0 11
2969 9550 0 2992 9547 0 1 0 11
2970 9550 0 2992 9547 0 1 0 11
2735 10008 0 2730 10008 0 2 0 188
2730 10008 0 2735 10008 0 2 0 188
3421 3550 0 3421 3550 1 2 0 385
3422 3551 0 3422 3551 1 2 0 385
3423 3550 0 3423 3550 1 2 0 385
3422 3549 0 3422 3549 1 2 0 385
3421 3550 1 3421 3550 0 2 0 386
3422 3551 1 3422 3551 0 2 0 386
3422 3549 1 3422 3549 0 2 0 386
3423 3550 1 3423 3550 0 2 0 386
3289 2700 0 3295 2700 0 2 0 82
3295 2700 0 3289 2700 0 2 0 82
3295 2704 0 3295 2708 0 2 0 82
3295 2708 0 3295 2704 0 2 0 82
1324 3787 0 1324 3795 0 8 0 12
1324 3795 0 1324 3787 0 8 0 12
2936 9810 0 2935 9810 0 2 0 86
2935 9810 0 2936 9810 0 2 0 86
3667 3375 0 3670 3375 0 2 0 124
3670 3375 0 3667 3375 0 2 0 124
3670 3375 0 3673 3375 0 2 0 124
3673 3375 0 3670 3375 0 2 0 124
1820 9946 0 1820 9944 0 4 0 301
1820 9944 0 1820 9946 0 4 0 301
1820 9947 0 1820 9945 0 2 0 301
1820 9945 0 1820 9947 0 2 0 301
2915 3672 0 2918 3672 0 2 0 12
2918 3672 0 2915 3672 0 2 0 12
2921 3672 0 2924 3673 0 2 0 12
2924 3673 0 2921 3672 0 2 0 12
2946 3678 0 2949 3681 0 2 0 12
3778 3821 0 3784 3821 0 6 0 387
3784 3821 0 3778 3821 0 6 0 388
3423 3476 0 3424 3476 0 2 0 389
3424 3476 0 3427 3477 0 2 0 12
3427 3477 0 3424 3476 0 2 0 12
3424 3476 0 3423 3476 0 2 0 389
3426 3478 0 3424 3476 0 2 0 12
3425 3483 0 3425 3484 0 2 0 389
3425 3484 0 3425 3483 0 2 0 389
3212 3138 0 3214 3130 0 3 0 384
3214 3130 0 3212 3138 0 3 0 384
2409 4400 0 2409 4402 0 2 0 373
2409 4402 0 2409 4400 0 2 0 373
2946 3439 0 2943 3439 0 1 0 340
3212 3138 0 3214 3131 0 3 0 384
3214 3131 0 3212 3138 0 3 0 384
2615 9503 0 2616 9571 0 3 1 390
2616 9503 0 2616 9571 0 3 1 390
2614 9504 0 2616 9571 0 3 1 390
2614 9505 0 2616 9571 0 3 1 390
2615 9506 0 2616 9571 0 3 1 390
2616 9506 0 2616 9571 0 3 1 390
2616 9571 0 2615 9506 0 3 1 391
2617 9571 0 2615 9506 0 3 1 391
2899 9902 0 2915 9894 0 2 0 137
2898 9901 0 2915 9894 0 2 0 137
2915 9895 0 2898 9902 0 2 0 137
2914 9894 0 2898 9902 0 2 0 137
2997 3483 0 3002 3483 0 5 0 12
3002 3483 0 2997 3483 0 5 0 12
2338 3286 0 2338 3281 0 8 0 12
2338 3281 0 2338 3286 0 4 0 12
1761 3874 0 1761 3872 0 2 0 12
1761 3872 0 1761 3874 0 2 0 12
3565 3379 0 3562 3379 0 2 0 392
3562 3379 0 3565 3379 0 2 0 393
3504 3559 0 3504 3562 0 4 0 33
3504 3562 0 3504 3559 0 4 0 33
3503 3559 0 3503 3562 0 4 0 33
3503 3562 0 3503 3559 0 4 0 33
3295 3157 0 3295 3159 0 2 0 394
3295 3159 0 3295 3157 0 2 0 395
2886 9799 0 2892 9799 0 2 0 327
2892 9799 0 2886 9799 0 2 0 327
2886 9823 0 2888 9823 1 2 0 396
2888 9823 1 2886 9823 0 2 0 397
3713 3830 0 3715 3815 0 1 0 398
3714 3830 0 3715 3815 0 1 0 398
3715 3830 0 3715 3815 0 1 0 398
3713 3816 0 3713 3830 0 1 0 398
3714 3815 0 3713 3830 0 1 0 398
3715 3815 0 3713 3830 0 1 0 398
3716 3815 0 3713 3830 0 1 0 398
3717 3815 0 3713 3830 0 1 0 398
3718 3816 0 3713 3830 0 1 0 398
3372 2959 0 3373 2955 0 2 0 82
3373 2955 0 3372 2959 0 2 0 82
3447 3575 1 3447 3575 2 2 0 385
3447 3575 2 3447 3575 1 2 0 386
3446 3576 1 3446 3576 2 2 0 385
3446 3576 2 3446 3576 1 2 0 386
3447 3577 1 3447 3577 2 2 0 385
3447 3577 2 3447 3577 1 2 0 386
3448 3576 1 3448 3576 2 2 0 385
3448 3576 2 3448 3576 1 2 0 386
1581 3249 0 1576 3254 0 2 0 338
1576 3254 0 1581 3249 0 8 0 338
3268 3629 0 3268 3625 0 2 0 82
3268 3625 0 3268 3629 0 2 0 82
2429 9807 0 2435 9807 0 2 0 11
2429 9806 0 2435 9806 0 2 0 11
3025 9571 0 3035 9557 0 1 0 11
3026 9571 0 3035 9557 0 1 0 11
3027 9571 0 3035 9557 0 1 0 11
3034 9558 0 3026 9571 0 1 0 11
3035 9558 0 3026 9571 0 1 0 11
3036 9558 0 3026 9571 0 1 0 11
1742 3854 0 1752 3854 0 4 0 12
2838 3693 0 2844 3693 0 2 0 12
2844 3693 0 2838 3693 0 2 0 12
2843 3692 0 2838 3693 0 2 0 12
3765 3883 1 3765 3898 0 10 0 353
3201 3807 0 3201 3810 0 3 0 82
3201 3810 0 3201 3807 0 3 0 82
2154 3072 0 2160 3072 0 6 0 82
2160 3072 0 2154 3072 0 6 0 82
2871 3008 0 2871 3003 0 5 0 12
2871 3003 0 2871 3008 0 5 0 12
2899 2937 0 2899 2942 0 5 0 399
2899 2942 0 2899 2937 0 5 0 399
2880 9813 0 2877 9813 0 2 0 301
2878 9813 0 2881 9813 0 2 0 301
3418 3532 0 3420 3534 2 5 0 400
3420 3534 2 3418 3532 0 7 0 349
3092 3878 0 3092 3883 0 5 0 82
3092 3883 0 3092 3878 0 5 0 82
3013 9551 0 3025 9554 0 1 0 11
3013 9550 0 3025 9554 0 1 0 11
3013 9549 0 3025 9554 0 1 0 11
3024 9555 0 3012 9550 0 1 0 11
3024 9554 0 3012 9550 0 1 0 11
3024 9553 0 3012 9550 0 1 0 11
2832 3247 0 2832 3252 0 6 0 12
2832 3252 0 2832 3247 0 6 0 12
2338 3253 0 2332 3252 0 6 0 12
2332 3252 0 2338 3253 0 6 0 12
2547 3749 0 2547 3744 0 5 0 12
2547 3744 0 2547 3749 0 5 0 12
3500 9510 2 3506 9505 2 2 0 188
3506 9505 2 3500 9510 2 2 0 188
2769 9340 0 2764 9341 0 2 0 188
2764 9341 0 2769 9340 0 2 0 188
2720 3301 0 2782 3273 0 9 1 401
2782 3273 0 2720 3301 0 9 1 401
3680 3536 0 2162 5114 1 9 1 402
2162 5114 1 3680 3536 0 9 1 402
3703 3487 0 3792 3560 0 6 1 403
3792 3560 0 3703 3487 0 6 1 403
3498 3380 0 3522 3285 0 18 1 404
3499 3380 0 3522 3285 0 18 1 404
3500 3380 0 3522 3285 0 18 1 404
3501 3378 0 3522 3285 0 18 1 404
3501 3379 0 3522 3285 0 18 1 404
3522 3284 0 3498 3380 0 18 1 405
3522 3285 0 3498 3380 0 18 1 405
3522 3286 0 3498 3380 0 18 1 405
2621 3683 0 2544 3761 0 7 1 406
2544 3761 0 2621 3683 0 7 1 407
2644 3709 0 2421 3781 0 10 1 408
2421 3781 0 2644 3709 0 10 1 409
2644 3710 0 2311 3781 0 14 1 410
2311 3781 0 2644 3710 0 14 1 411
2620 3693 0 2213 3794 0 9 1 412
2213 3794 0 2620 3693 0 9 1 413
2707 3736 0 2660 3989 1 9 1 414
2658 3988 1 2706 3735 0 9 1 415
2707 3735 0 2660 3989 1 9 1 414
2659 3988 1 2706 3735 0 9 1 415
2711 3732 0 2660 3989 1 9 1 414
2707 3735 0 2849 3968 0 12 1 416
2707 3736 0 2849 3968 0 12 1 416
2711 3732 0 2849 3968 0 12 1 416
2848 3966 0 2706 3735 0 12 1 415
2849 3967 0 2706 3735 0 12 1 415
2849 3968 0 2706 3735 0 12 1 415
2472 3994 0 2621 3692 0 6 1 417
2473 3994 0 2621 3692 0 6 1 417
2621 3690 0 2472 3994 0 6 1 417
2621 3691 0 2472 3994 0 6 1 417
2621 3692 0 2472 3994 0 6 1 417
2621 3693 0 2472 3994 0 6 1 417
2621 3694 0 2472 3994 0 6 1 417
2277 4034 0 2640 3697 0 6 1 417
2278 4034 0 2640 3697 0 6 1 417
2640 3696 0 2277 4034 0 6 1 417
2640 3697 0 2277 4034 0 6 1 417
2640 3698 0 2277 4034 0 6 1 417
2640 3699 0 2277 4034 0 6 1 417
3660 3848 0 3583 3973 0 5 1 418
3583 3973 0 3660 3849 0 5 1 418
3660 3849 0 3583 3973 0 5 1 418
3582 3973 0 3660 3849 0 5 1 418
3724 3807 0 3734 3893 0 4 1 418
3734 3893 0 3724 3807 0 3 1 418
3734 3893 0 3764 3899 0 3 0 418
3763 3899 0 3734 3893 0 3 0 418
1783 3458 0 1778 3417 0 5 1 419
1779 3417 0 1784 3458 0 5 1 419
2892 2724 0 2803 2706 0 5 1 420
2803 2706 0 2892 2724 0 5 1 420
3271 3144 0 3148 2843 0 8 1 421
3272 3143 0 3148 2843 0 8 1 421
3148 2843 0 3272 3143 0 8 1 421
3148 2842 0 3272 3143 0 8 1 421
1229 3470 0 1194 3452 0 7 1 418
1229 3469 0 1194 3452 0 7 1 418
1194 3452 0 1229 3469 0 7 1 418
1195 3452 0 1229 3469 0 7 1 418
1384 3665 0 1369 3639 0 4 0 422
1384 3665 0 1341 3645 0 4 1 423
1384 3665 0 1408 3612 0 4 1 424
1342 3645 0 1369 3639 0 4 0 422
1342 3645 0 1384 3665 0 4 1 425
1342 3645 0 1408 3612 0 4 1 424
1408 3612 0 1369 3639 0 4 1 422
1408 3612 0 1384 3665 0 4 1 425
1408 3612 0 1341 3645 0 4 1 423
1369 3639 0 1384 3665 0 4 0 425
1369 3639 0 1341 3645 0 4 0 423
1369 3639 0 1408 3612 0 4 1 424
3525 3170 0 3605 3161 1 13 1 426
3525 3170 0 3684 3176 0 13 1 427
3525 3170 0 3663 3277 0 13 1 428
3605 3161 1 3525 3170 0 13 1 429
3605 3161 1 3684 3176 0 13 1 427
3605 3161 1 3663 3277 0 13 1 428
3684 3176 0 3525 3170 0 13 1 429
3684 3176 0 3605 3161 1 13 1 426
3684 3176 0 3663 3277 0 13 1 428
3684 3175 0 3525 3170 0 13 1 429
3684 3175 0 3605 3161 1 13 1 426
3684 3175 0 3663 3277 0 13 1 428
3684 3174 0 3525 3170 0 13 1 429
3684 3174 0 3605 3161 1 13 1 426
3684 3174 0 3663 3277 0 13 1 428
3663 3277 0 3525 3170 0 13 1 429
3663 3277 0 3605 3161 1 13 1 426
3663 3277 0 3684 3176 0 13 1 427
3671 3544 0 3661 3277 0 5 1 430
3672 3544 0 3661 3277 0 5 1 430
3661 3278 0 3671 3542 0 5 1 430
1390 3073 0 1257 3126 0 5 1 431
1390 3073 0 1400 3246 0 5 1 432
1258 3124 0 1390 3074 0 5 1 433
1258 3124 0 1400 3246 0 5 1 432
1399 3246 0 1257 3126 0 5 1 431
1399 3246 0 1390 3074 0 5 1 433
1256 3394 0 1282 3385 0 5 0 418
1256 3395 0 1282 3385 0 5 0 418
1256 3396 0 1282 3385 0 5 0 418
1281 3385 0 1256 3395 0 5 0 418
1282 3385 0 1256 3395 0 5 0 418
1283 3385 0 1256 3395 0 5 0 418
2841 10129 0 2892 10225 0 5 1 434
2888 10226 0 2838 10127 0 5 1 434
2837 10128 0 2837 10143 0 5 0 435
2855 10145 0 2863 10133 0 5 0 435
2368 3486 0 2357 3641 0 10 1 436
2357 3641 0 2368 3486 0 10 1 437
1773 2961 0 1877 2975 0 5 1 418
1877 2975 0 1773 2961 0 5 1 418
2543 2844 0 2471 2724 0 5 1 418
2471 2724 0 2543 2844 0 5 1 418
2291 2796 0 2321 2779 0 5 0 418
2321 2779 0 2291 2796 0 5 0 418
2218 3424 0 2227 3469 0 5 1 418
2227 3469 0 2218 3424 0 5 1 418
2203 3803 0 2086 3689 0 5 1 418
2086 3689 0 2203 3803 0 5 1 418
3029 3217 0 2956 3146 0 10 1 438
2956 3146 0 3029 3217 0 10 1 439
3029 3217 0 3064 3003 0 10 1 440
3064 3003 0 3029 3217 0 10 1 439
2956 3146 0 3064 3003 0 10 1 440
3064 3003 0 2956 3146 0 10 1 438
2683 3271 0 2772 3234 0 6 1 441
2683 3271 0 2915 3225 0 6 1 442
2772 3234 0 2683 3271 0 6 1 443
2772 3234 0 2915 3225 0 6 1 442
2915 3225 0 2683 3271 0 6 1 443
2915 3225 0 2772 3234 0 6 1 441
2909 3226 0 2578 2840 0 6 1 444
2578 2840 0 2909 3226 0 6 1 444
3362 3445 0 3724 3807 0 12 1 445
3724 3807 0 3362 3445 0 12 1 418
2763 2960 1 2680 3150 0 10 1 446
2763 2960 1 3050 3192 0 10 1 439
3709 3496 0 3684 2953 0 6 1 447
3684 2953 0 3709 3496 0 6 1 447
2629 3693 0 2581 3847 0 7 1 448
2581 3847 0 2629 3693 0 7 1 449
2222 3796 2 2138 3899 2 12 1 450
2138 3899 2 2222 3796 2 12 1 450
3055 3245 0 1824 3691 0 6 1 451
3055 3245 0 1504 3399 0 6 1 452
1824 3691 0 3055 3245 0 6 1 439
1824 3691 0 1504 3399 0 6 1 452
1504 3399 0 3055 3245 0 6 1 439
1504 3399 0 1824 3691 0 6 1 451
3048 3234 0 2834 3331 1 15 1 453
2834 3335 0 3048 3231 1 15 1 453
3041 3202 0 2659 2676 0 11 1 454
2659 2676 0 3041 3202 0 11 1 454
1494 2985 0 1443 2977 0 4 1 455
1443 2977 0 1494 2985 0 4 1 456
3147 3638 0 2440 3089 0 1 1 457
3147 3639 0 2440 3089 0 1 1 457
3147 3640 0 2440 3089 0 1 1 457
2438 3097 0 2376 9489 0 1 1 458
2438 3096 0 2376 9489 0 1 1 458
2436 3095 0 2376 9489 0 1 1 458
2437 3095 0 2376 9489 0 1 1 458
2436 3091 0 2376 9489 0 1 1 459
2437 3091 0 2376 9489 0 1 1 459
2438 3090 0 2376 9489 0 1 1 459
2438 3089 0 2376 9489 0 1 1 459
2436 3088 0 2376 9489 0 1 1 459
2437 3088 0 2376 9489 0 1 1 459
2436 3091 0 2416 9524 0 1 1 459
2437 3091 0 2416 9524 0 1 1 459
2438 3090 0 2416 9524 0 1 1 459
2438 3089 0 2416 9524 0 1 1 459
2436 3088 0 2416 9524 0 1 1 459
2437 3088 0 2416 9524 0 1 1 459
2436 3084 0 2416 9524 0 1 1 460
2437 3084 0 2416 9524 0 1 1 460
2438 3083 0 2416 9524 0 1 1 460
2438 3082 0 2416 9524 0 1 1 460
2374 9488 0 2440 3089 0 1 1 461
2375 9488 0 2440 3089 0 1 1 461
2376 9487 0 2440 3089 0 1 1 461
2376 9486 0 2440 3089 0 1 1 461
2374 9485 0 2440 3089 0 1 1 461
2375 9485 0 2440 3089 0 1 1 461
2373 9486 0 2440 3089 0 1 1 461
2373 9487 0 2440 3089 0 1 1 461
2424 9531 0 2440 3089 0 1 1 461
2425 9531 0 2440 3089 0 1 1 461
2426 9530 0 2440 3089 0 1 1 461
2426 9529 0 2440 3089 0 1 1 461
2424 9528 0 2440 3089 0 1 1 461
2425 9528 0 2440 3089 0 1 1 461
2423 9529 0 2440 3089 0 1 1 461
2423 9530 0 2440 3089 0 1 1 461
3128 3625 0 3327 4751 0 1 1 462
3128 3627 0 3327 4751 0 1 1 462
3327 4751 0 3128 3628 0 1 1 461
3328 4751 0 3128 3629 0 1 1 461
2595 3087 2 3109 3159 0 1 1 463
2595 3088 2 3109 3159 0 1 1 463
2590 3083 2 2907 3333 0 1 1 463
2591 3083 2 2907 3333 0 1 1 463
2586 3087 2 2703 3406 0 1 1 463
2586 3088 2 2703 3406 0 1 1 463
2206 2858 0 3158 10027 0 1 1 284
2206 2857 0 3158 10027 0 1 1 284
2206 2859 0 3158 10027 0 1 1 284
2204 2859 0 3158 10027 0 1 1 284
2204 2858 0 3158 10027 0 1 1 284
2204 2857 0 3158 10027 0 1 1 284
2205 2856 0 3158 10027 0 1 1 284
2205 2860 0 3158 10027 0 1 1 284
2206 2858 0 3081 3475 0 1 1 284
2206 2859 0 3081 3475 0 1 1 284
2206 2857 0 3081 3475 0 1 1 284
2205 2856 0 3081 3475 0 1 1 284
2205 2860 0 3081 3475 0 1 1 284
2204 2859 0 3081 3475 0 1 1 284
2204 2858 0 3081 3475 0 1 1 284
2204 2857 0 3081 3475 0 1 1 284
3084 3476 0 2206 2858 0 1 1 464
3083 3476 0 2206 2858 0 1 1 464
3082 3476 0 2206 2858 0 1 1 464
3081 3475 0 2206 2858 0 1 1 464
3081 3474 0 2206 2858 0 1 1 464
3081 3473 0 2206 2858 0 1 1 464
3158 10028 0 2206 2858 0 1 1 464
3158 10027 0 2206 2858 0 1 1 464
3158 10026 0 2206 2858 0 1 1 464
2720 4884 2 2721 4911 0 1 0 284
2719 4884 2 2721 4911 0 1 0 284
2721 4884 2 2721 4911 0 1 0 284
2718 4883 2 2721 4911 0 1 0 284
2722 4883 2 2721 4911 0 1 0 284
2719 4882 2 2721 4911 0 1 0 284
2720 4882 2 2721 4911 0 1 0 284
2721 4882 2 2721 4911 0 1 0 284
3110 3363 2 2677 5214 2 1 1 465
3111 3363 2 2677 5214 2 1 1 465
3097 3508 1 3157 9818 0 1 1 466
3157 9818 0 3097 3508 1 1 1 466
2040 5240 0 2021 5223 0 1 0 282
1863 5239 0 1914 5222 0 1 1 282
2120 5257 0 2146 5287 0 1 0 282
2119 5258 0 2146 5287 0 1 0 282
2121 5258 0 2146 5287 0 1 0 282
2364 5212 0 2341 5219 0 1 0 282
3233 9313 0 3233 2887 0 1 1 282
3234 9312 0 3233 2887 0 1 1 282
3232 9312 0 3233 2887 0 1 1 282
3104 9573 0 3615 9470 0 1 1 284
3616 9470 0 3104 9573 0 1 1 284
3615 9470 0 3104 9573 0 1 1 284
3614 9470 0 3104 9573 0 1 1 284
2456 2855 2 2904 3512 0 1 1 467
2456 2854 2 2904 3512 0 1 1 467
2456 2853 2 2904 3512 0 1 1 467
2458 2855 2 3191 3365 0 1 1 468
2457 2855 2 3191 3365 0 1 1 468
2456 2855 2 3191 3365 0 1 1 468
2458 2855 2 2729 3367 0 1 1 469
2458 2854 2 2729 3367 0 1 1 469
2458 2853 2 2729 3367 0 1 1 469
2561 3311 0 3154 3924 0 5 1 17
3153 3923 0 2562 3311 0 5 1 17
3067 10253 0 2271 4680 0 5 1 17
2271 4680 0 3067 10254 0 5 1 17
3090 3475 0 3154 3924 0 5 1 17
3090 3956 0 2539 4712 0 5 1 17
2539 4712 0 3090 3956 0 5 1 17
